buildup_id,team,frame,since_start_s,pressed,n_pressers,min_dist_m,carrier_share,x_att,carrier_id,loss_next,lanes_open,lanes_contested,lanes_blocked,pressers_cat,team_bar,x_att_10m,carrier_pct
0,0,62,2.0,0,0,8.679091415924445,1.0,52.877156637765154,207.0,0,8.0,0.0,1.0,none,0,5.287715663776515,1.0
0,0,87,3.0,0,0,8.247390037524141,0.08,40.48101281633136,,0,,,,none,0,4.048101281633135,0.08
0,0,112,4.0,0,0,4.79691861173807,0.48,39.09008779352776,,0,,,,none,0,3.9090087793527757,0.48
0,0,137,5.0,1,1,4.832048300021702,0.12,36.238950307220236,205.0,0,3.0,3.0,3.0,1 presser,0,3.6238950307220237,0.12
0,0,162,6.0,1,1,1.1810830867578668,1.0,36.242759651237236,205.0,0,4.0,3.0,1.0,1 presser,0,3.6242759651237235,1.0
0,0,187,7.0,1,1,1.1916678971505241,0.04,59.51965129576851,,0,,,,1 presser,0,5.951965129576851,0.04
0,0,212,8.0,1,1,0.9081191386850569,0.16,66.45180886719876,222.0,0,4.0,2.0,3.0,1 presser,0,6.645180886719876,0.16
0,0,237,9.0,1,3,0.532287439133869,0.88,62.17295282537275,222.0,0,5.0,4.0,0.0,2+ pressers,0,6.2172952825372745,0.88
0,0,262,10.0,1,1,0.7638913864135253,1.0,57.22114988029128,214.0,1,4.0,3.0,2.0,1 presser,0,5.722114988029128,1.0
0,0,287,11.0,1,3,0.9195201606520417,1.0,58.180680397229175,214.0,1,3.0,1.0,5.0,2+ pressers,0,5.818068039722918,1.0
1,1,350,2.0,0,0,5.8247679418904985,1.0,30.353554812344726,105.0,0,5.0,2.0,1.0,none,1,3.0353554812344727,1.0
1,1,375,3.0,0,0,9.379770270678259,1.0,25.361268570373184,105.0,0,5.0,3.0,1.0,none,1,2.5361268570373183,1.0
1,1,400,4.0,0,0,12.592782533663097,1.0,20.599255470684973,105.0,0,4.0,2.0,3.0,none,1,2.0599255470684974,1.0
1,1,425,5.0,0,0,11.299192539606514,1.0,19.751945602310347,105.0,0,4.0,2.0,3.0,none,1,1.9751945602310346,1.0
1,1,450,6.0,0,0,9.675789771826645,1.0,19.532638594265087,105.0,0,4.0,3.0,1.0,none,1,1.9532638594265088,1.0
1,1,475,7.0,0,0,8.699816128583686,1.0,19.841525204531855,105.0,0,4.0,3.0,1.0,none,1,1.9841525204531856,1.0
1,1,500,8.0,0,0,8.447173938931655,0.88,19.12926136376713,,0,,,,none,1,1.9129261363767132,0.88
1,1,525,9.0,0,0,11.03922622001168,0.04,18.46314291965161,102.0,0,5.0,2.0,0.0,none,1,1.846314291965161,0.04
1,1,550,10.0,0,0,12.595402310079951,1.0,19.812152200089805,102.0,0,5.0,2.0,1.0,none,1,1.9812152200089805,1.0
1,1,575,11.0,0,0,11.262390288204394,1.0,22.226679168381125,102.0,0,5.0,3.0,0.0,none,1,2.2226679168381125,1.0
1,1,600,12.0,0,0,10.405147741524539,1.0,24.897774289538052,102.0,0,6.0,2.0,0.0,none,1,2.489777428953805,1.0
1,1,625,13.0,1,1,3.659814444693013,0.32,40.59828580842997,117.0,0,4.0,3.0,2.0,1 presser,1,4.059828580842997,0.32
1,1,650,14.0,1,1,0.6487491106808427,0.84,51.03586597836813,,0,,,,1 presser,1,5.103586597836813,0.84
1,1,675,15.0,1,2,4.462574755005108,0.56,53.519316586581304,109.0,0,2.0,3.0,4.0,2+ pressers,1,5.35193165865813,0.56
1,1,700,16.0,1,2,1.6611064949481364,1.0,52.36063369893265,109.0,0,4.0,0.0,5.0,2+ pressers,1,5.236063369893265,1.0
1,1,725,17.0,1,2,3.0434725322551333,0.72,56.28721934890723,,0,,,,2+ pressers,1,5.628721934890723,0.72
1,1,750,18.0,0,0,6.313832167193189,0.0,59.51740415389706,,0,,,,none,1,5.951740415389706,0.0
1,1,775,19.0,0,0,7.287305383011186,0.0,59.50505937826978,,0,,,,none,1,5.950505937826978,0.0
1,1,800,20.0,0,0,6.407094420134803,0.0,59.28285341697868,,0,,,,none,1,5.928285341697868,0.0
1,1,825,21.0,0,0,6.616078404319798,0.0,49.88242270224987,,0,,,,none,1,4.988242270224987,0.0
1,1,850,22.0,1,1,4.828576404930725,0.32,45.260861181157026,105.0,0,4.0,2.0,2.0,1 presser,1,4.526086118115702,0.32
1,1,875,23.0,1,1,1.3546749710837724,1.0,43.68590988479307,105.0,0,6.0,0.0,2.0,1 presser,1,4.368590988479307,1.0
1,1,900,24.0,1,1,0.799360949087049,0.2,44.3508992398575,,0,,,,1 presser,1,4.43508992398575,0.2
1,1,925,25.0,0,0,5.5714708667123025,0.84,43.44743560577619,102.0,0,6.0,0.0,2.0,none,1,4.344743560577619,0.84
1,1,950,26.0,1,1,3.320655915905952,1.0,43.55324441235001,102.0,0,4.0,2.0,2.0,1 presser,1,4.355324441235001,1.0
1,1,975,27.0,1,1,3.2430500452281827,0.4,44.207050305702325,123.0,0,2.0,3.0,3.0,1 presser,1,4.4207050305702325,0.4
1,1,1000,28.0,1,1,0.7658476812929789,0.84,37.96659444719771,,0,,,,1 presser,1,3.796659444719771,0.84
1,1,1025,29.0,0,0,4.537529209709691,0.36,30.741002614125872,102.0,0,2.0,4.0,2.0,none,1,3.074100261412587,0.36
1,1,1050,30.0,1,1,3.5293610602620755,0.92,26.231741831852915,102.0,0,2.0,2.0,4.0,1 presser,1,2.6231741831852915,0.92
1,1,1075,31.0,1,1,1.9076950089775049,1.0,21.292433438601257,102.0,0,6.0,1.0,1.0,1 presser,1,2.129243343860126,1.0
1,1,1100,32.0,1,1,2.0473893484905057,0.28,11.497523347814633,1.0,0,5.0,1.0,2.0,1 presser,1,1.1497523347814633,0.28
1,1,1125,33.0,0,0,6.740633331256725,1.0,11.431149678352584,1.0,0,4.0,4.0,1.0,none,1,1.1431149678352583,1.0
1,1,1150,34.0,0,0,5.789684931184495,0.56,20.859856843826424,,0,,,,none,1,2.0859856843826425,0.56
1,1,1175,35.0,0,0,6.349429876961585,0.28,23.815731879992434,103.0,0,3.0,2.0,1.0,none,1,2.3815731879992432,0.28
1,1,1200,36.0,0,0,4.486756829855902,1.0,24.73455484207979,103.0,0,2.0,2.0,3.0,none,1,2.473455484207979,1.0
1,1,1225,37.0,1,1,2.737854986660546,1.0,24.89008913729304,103.0,0,3.0,2.0,2.0,1 presser,1,2.489008913729304,1.0
1,1,1250,38.0,1,1,2.271290488181574,0.96,22.374254297819398,,0,,,,1 presser,1,2.23742542978194,0.96
1,1,1275,39.0,0,0,6.23367320039018,0.0,17.16125802198057,,0,,,,none,1,1.7161258021980568,0.0
1,1,1300,40.0,0,0,15.531361528429436,0.6,16.74035618299654,102.0,0,5.0,2.0,0.0,none,1,1.6740356182996539,0.6
1,1,1325,41.0,0,0,15.089205802815794,1.0,19.69644202830358,102.0,0,6.0,1.0,0.0,none,1,1.969644202830358,1.0
1,1,1350,42.0,0,0,13.227933521038148,1.0,22.473200675768794,102.0,0,6.0,1.0,0.0,none,1,2.2473200675768794,1.0
1,1,1375,43.0,0,0,11.380902403926513,1.0,26.753100108433514,102.0,0,7.0,2.0,0.0,none,1,2.6753100108433516,1.0
1,1,1400,44.0,0,0,6.035435231146692,0.32,35.91692975986662,,0,,,,none,1,3.591692975986662,0.32
1,1,1425,45.0,0,0,4.9176600715800465,0.8,37.89917162026014,117.0,0,5.0,2.0,2.0,none,1,3.789917162026014,0.8
1,1,1450,46.0,0,0,5.227715073697651,0.84,37.76832253490257,,0,,,,none,1,3.7768322534902574,0.84
1,1,1475,47.0,0,0,6.092249451848948,0.2,37.79540357611963,102.0,0,4.0,2.0,1.0,none,1,3.779540357611963,0.2
1,1,1500,48.0,0,0,7.6224898445081495,1.0,40.64662052145661,102.0,0,4.0,3.0,1.0,none,1,4.064662052145661,1.0
1,1,1525,49.0,0,0,7.325028909901838,0.44,50.54369267805345,,0,,,,none,1,5.054369267805345,0.44
1,1,1550,50.0,0,0,0.5260319585142654,0.0,63.508247984034405,,0,,,,none,1,6.3508247984034405,0.0
1,1,1575,51.0,0,0,0.7294174680869293,0.0,63.76988667477543,,0,,,,none,1,6.3769886674775424,0.0
1,1,1600,52.0,0,0,3.6788470984731854,0.0,65.42185857187214,,0,,,,none,1,6.542185857187214,0.0
1,1,1625,53.0,0,0,1.8222239682448338,0.64,63.11977521789238,109.0,1,,,,none,1,6.311977521789238,0.64
1,1,1650,54.0,1,2,0.140000944417285,0.72,64.93277301210364,109.0,1,3.0,2.0,4.0,2+ pressers,1,6.493277301210364,0.72
2,0,1706,2.0,0,0,9.409457673657924,0.0,24.598489539856672,,0,,,,none,0,2.4598489539856674,0.0
2,0,1731,3.0,0,0,5.374497944897424,0.92,23.588161939785223,202.0,0,2.0,5.0,2.0,none,0,2.358816193978522,0.92
2,0,1756,4.0,1,1,2.749416508164566,0.56,19.184885686922442,,0,,,,1 presser,0,1.9184885686922442,0.56
2,0,1781,5.0,1,1,4.718075250012389,0.68,18.53498955928893,214.0,0,2.0,3.0,3.0,1 presser,0,1.853498955928893,0.68
2,0,1806,6.0,1,1,3.897664172963599,0.72,26.331747370519693,,0,,,,1 presser,0,2.633174737051969,0.72
4,1,2219,2.0,1,1,1.4724960101215194,0.36,54.14121661797763,,0,,,,1 presser,1,5.414121661797763,0.36
4,1,2244,3.0,0,0,11.591425395834943,0.2,52.29845584967213,102.0,0,4.0,0.0,5.0,none,1,5.229845584967213,0.2
4,1,2269,4.0,0,0,9.861450047556032,1.0,53.467411894898476,102.0,0,4.0,1.0,4.0,none,1,5.346741189489848,1.0
4,1,2294,5.0,0,0,9.108356054500502,0.76,56.76385691852947,,0,,,,none,1,5.676385691852947,0.76
4,1,2319,6.0,0,0,10.966036957422142,0.56,56.59124419739213,123.0,0,6.0,1.0,1.0,none,1,5.6591244197392125,0.56
4,1,2344,7.0,0,0,5.026590272555453,0.88,66.50424072831004,,0,,,,none,1,6.650424072831004,0.88
4,1,2369,8.0,1,1,3.894030391937433,0.4,67.93663243647242,111.0,0,1.0,3.0,3.0,1 presser,1,6.793663243647242,0.4
4,1,2394,9.0,1,1,0.5699468436407928,1.0,66.3587046091931,111.0,0,2.0,3.0,2.0,1 presser,1,6.6358704609193095,1.0
4,1,2419,10.0,1,1,0.17832196721183466,0.16,54.199356689112655,,0,,,,1 presser,1,5.419935668911266,0.16
4,1,2444,11.0,1,1,4.387202009877949,0.12,49.409083786544414,102.0,0,2.0,4.0,2.0,1 presser,1,4.940908378654441,0.12
4,1,2469,12.0,1,1,3.4994254755754723,1.0,48.55483570410114,102.0,0,4.0,0.0,4.0,1 presser,1,4.855483570410113,1.0
4,1,2494,13.0,0,0,3.7153774626308547,0.16,49.044006424439054,,0,,,,none,1,4.904400642443905,0.16
4,1,2519,14.0,0,0,12.565732982612506,0.4,49.402991234839526,105.0,0,4.0,2.0,2.0,none,1,4.940299123483952,0.4
4,1,2544,15.0,0,0,9.799002144685758,1.0,51.77785418139209,105.0,0,4.0,1.0,3.0,none,1,5.177785418139209,1.0
4,1,2569,16.0,0,0,6.903974088261912,1.0,53.85912225185312,105.0,0,3.0,2.0,3.0,none,1,5.385912225185312,1.0
4,1,2594,17.0,0,0,6.745220181127612,1.0,53.292965904538335,105.0,0,3.0,3.0,2.0,none,1,5.329296590453834,1.0
4,1,2619,18.0,0,0,6.330269886549424,1.0,53.09130599726624,105.0,0,3.0,1.0,4.0,none,1,5.309130599726624,1.0
4,1,2644,19.0,0,0,5.178310408343235,1.0,54.108485241870106,105.0,0,3.0,2.0,3.0,none,1,5.410848524187011,1.0
4,1,2669,20.0,0,0,3.4169293441519155,1.0,54.97934539723802,105.0,0,3.0,4.0,1.0,none,1,5.497934539723802,1.0
4,1,2694,21.0,0,0,3.238666301994878,1.0,54.11145633083973,105.0,0,4.0,2.0,2.0,none,1,5.411145633083973,1.0
5,0,2786,2.0,1,2,1.7460001768611595,1.0,25.304686770850168,208.0,0,3.0,2.0,4.0,2+ pressers,0,2.530468677085017,1.0
5,0,2811,3.0,1,1,1.0373329118074974,0.4,31.327359926450285,205.0,0,2.0,4.0,3.0,1 presser,0,3.1327359926450287,0.4
5,0,2836,4.0,1,2,0.8607966521002415,1.0,30.718850658212006,205.0,0,3.0,1.0,5.0,2+ pressers,0,3.0718850658212005,1.0
5,0,2861,5.0,1,1,1.4432978869058684,1.0,27.726788198475276,208.0,0,3.0,1.0,5.0,1 presser,0,2.7726788198475276,1.0
5,0,2886,6.0,1,1,1.2352838266068775,0.56,28.081018325680716,,0,,,,1 presser,0,2.8081018325680716,0.56
5,0,2911,7.0,1,1,1.7443797401671097,0.52,32.96620142654362,222.0,0,1.0,2.0,6.0,1 presser,0,3.296620142654362,0.52
5,0,2936,8.0,1,1,1.4669287683663457,1.0,34.84081140264743,222.0,0,1.0,3.0,5.0,1 presser,0,3.484081140264743,1.0
5,0,2961,9.0,1,1,0.004597600337345967,1.0,37.598278979321265,116.0,1,4.0,2.0,2.0,1 presser,0,3.7598278979321265,1.0
5,0,2986,10.0,1,2,0.0027071070040969782,0.8,41.27776864639593,207.0,1,,,,2+ pressers,0,4.127776864639593,0.8
6,1,3049,2.0,0,0,6.64302175835332,1.0,54.32629661293313,117.0,0,4.0,2.0,3.0,none,1,5.432629661293313,1.0
6,1,3074,3.0,0,0,6.7800033790979,1.0,54.17355656123677,117.0,0,5.0,0.0,4.0,none,1,5.417355656123677,1.0
6,1,3099,4.0,0,0,6.834743622731756,0.24,51.93663137550186,,0,,,,none,1,5.193663137550186,0.24
6,1,3124,5.0,0,0,9.580457389281865,0.64,51.7178331032779,123.0,0,5.0,2.0,1.0,none,1,5.17178331032779,0.64
6,1,3149,6.0,0,0,9.513833758263909,1.0,53.073500030802286,123.0,0,6.0,1.0,1.0,none,1,5.307350003080229,1.0
6,1,3174,7.0,0,0,8.04462842675077,1.0,53.79997982567579,123.0,0,6.0,2.0,1.0,none,1,5.379997982567579,1.0
6,1,3199,8.0,0,0,8.000094228261766,1.0,54.00140948173343,123.0,0,6.0,0.0,2.0,none,1,5.400140948173343,1.0
6,1,3224,9.0,0,0,7.7054255288264075,1.0,54.74482816860687,117.0,0,6.0,1.0,2.0,none,1,5.474482816860688,1.0
6,1,3249,10.0,0,0,6.4721910147284625,0.88,57.696032512592566,,0,,,,none,1,5.769603251259257,0.88
6,1,3274,11.0,0,0,8.729388974993729,0.12,59.73507652193812,103.0,0,6.0,1.0,1.0,none,1,5.9735076521938115,0.12
6,1,3299,12.0,0,0,6.630145588520136,1.0,61.79301564676797,103.0,0,4.0,4.0,0.0,none,1,6.179301564676797,1.0
6,1,3324,13.0,0,0,4.566924323860339,1.0,63.8698131143354,103.0,0,3.0,2.0,3.0,none,1,6.38698131143354,1.0
6,1,3349,14.0,1,1,4.048590341669366,1.0,66.13211650003662,106.0,0,2.0,2.0,4.0,1 presser,1,6.613211650003661,1.0
6,1,3374,15.0,1,1,3.9459903738201434,0.96,69.88819355076332,,0,,,,1 presser,1,6.988819355076332,0.96
7,0,3864,2.0,1,2,0.30686947640328893,0.0,5.750145379820779,,1,,,,2+ pressers,0,0.5750145379820779,0.0
8,0,4109,2.0,1,1,1.237317696874141,0.52,4.968143205264482,222.0,0,5.0,1.0,3.0,1 presser,0,0.49681432052644825,0.52
8,0,4134,3.0,0,0,0.6130006563974422,0.19047619047619047,5.027166819634175,,0,,,,none,0,0.5027166819634175,0.19047619047619047
10,0,5124,2.0,1,2,1.0960350790926243,1.0,29.60009312129499,204.0,0,3.0,3.0,2.0,2+ pressers,0,2.960009312129499,1.0
10,0,5149,3.0,1,2,0.6857558128993237,1.0,25.559955214564667,204.0,0,2.0,4.0,3.0,2+ pressers,0,2.5559955214564667,1.0
10,0,5174,4.0,1,2,0.7443958986061836,1.0,19.39958407884407,215.0,0,2.0,2.0,5.0,2+ pressers,0,1.9399584078844072,1.0
10,0,5199,5.0,1,1,2.24353066164898,0.32,21.463166790075064,221.0,0,0.0,2.0,6.0,1 presser,0,2.1463166790075063,0.32
10,0,5224,6.0,1,1,1.1857986242798682,1.0,22.810035883407522,221.0,0,3.0,2.0,3.0,1 presser,0,2.2810035883407522,1.0
10,0,5249,7.0,1,2,1.0487377822958797,1.0,20.658447105567518,221.0,0,1.0,3.0,4.0,2+ pressers,0,2.065844710556752,1.0
10,0,5274,8.0,1,2,1.05759169937224,0.19047619047619047,18.148466034409594,,0,,,,2+ pressers,0,1.8148466034409594,0.19047619047619047
10,0,5299,9.0,1,1,2.3990585693068245,0.0,12.997488524252162,,0,,,,1 presser,0,1.2997488524252163,0.0
10,0,5324,10.0,1,1,1.396694576043838,0.6,22.472714642685816,,0,,,,1 presser,0,2.2472714642685814,0.6
11,0,5546,2.0,0,0,6.328645176785232,0.0,40.00051835216067,,1,,,,none,0,4.000051835216067,0.0
11,0,5571,3.0,0,0,5.342946603177231,0.0,38.07882921115353,,1,,,,none,0,3.807882921115353,0.0
13,0,5666,2.0,0,0,3.4628158211592552,0.0,55.89125776117561,,1,,,,none,0,5.589125776117561,0.0
14,1,5735,2.0,0,0,13.100280731378913,0.36,44.11931929332684,102.0,0,5.0,0.0,3.0,none,1,4.411931929332684,0.36
14,1,5760,3.0,0,0,9.304880239665605,0.4,46.645623616123444,,0,,,,none,1,4.664562361612345,0.4
14,1,5785,4.0,0,0,9.936721770789502,0.52,47.57423397322093,105.0,0,4.0,3.0,2.0,none,1,4.757423397322093,0.52
14,1,5810,5.0,0,0,5.715208262218544,1.0,52.61943045307166,105.0,0,3.0,2.0,4.0,none,1,5.261943045307166,1.0
14,1,5835,6.0,0,0,4.640084507882538,1.0,57.011135296944026,105.0,0,4.0,0.0,5.0,none,1,5.701113529694402,1.0
14,1,5860,7.0,0,0,5.05082634838269,1.0,60.43434013242228,105.0,0,3.0,1.0,5.0,none,1,6.043434013242228,1.0
14,1,5885,8.0,0,0,5.25135578986792,1.0,59.88325233726252,105.0,0,3.0,3.0,3.0,none,1,5.988325233726252,1.0
15,0,6138,2.0,1,2,0.6560071291943724,0.0,17.529119382239273,,1,,,,2+ pressers,0,1.7529119382239273,0.0
15,0,6163,3.0,1,3,2.325287170617657,0.0,18.216412182484007,,1,,,,2+ pressers,0,1.8216412182484008,0.0
16,0,7128,2.0,1,2,1.3134610763303565,1.0,10.237188646009471,219.0,0,1.0,2.0,6.0,2+ pressers,0,1.0237188646009472,1.0
16,0,7153,3.0,1,1,0.9833415332019552,0.16,30.573607063338187,,0,,,,1 presser,0,3.0573607063338186,0.16
16,0,7178,4.0,1,1,1.0835334381139905,0.0,46.51940640396818,,1,,,,1 presser,0,4.651940640396818,0.0
16,0,7203,5.0,0,0,12.539043693464452,0.0,57.39392555314039,,1,,,,none,0,5.739392555314039,0.0
17,1,7268,2.0,0,0,12.203026394264404,0.12,53.88569198722274,,0,,,,none,1,5.388569198722275,0.12
17,1,7293,3.0,0,0,15.749201611638462,0.6,51.39659819347335,102.0,0,5.0,1.0,2.0,none,1,5.139659819347335,0.6
17,1,7318,4.0,0,0,6.833236892042545,0.84,58.865363090992865,,0,,,,none,1,5.886536309099286,0.84
17,1,7343,5.0,1,1,3.9032608226007155,0.52,60.7703260586258,117.0,0,3.0,4.0,2.0,1 presser,1,6.07703260586258,0.52
17,1,7368,6.0,1,1,3.206216827327012,1.0,61.36517807042422,117.0,0,2.0,2.0,5.0,1 presser,1,6.136517807042422,1.0
17,1,7393,7.0,1,1,3.3056564550553906,1.0,61.98932080391144,117.0,0,3.0,3.0,3.0,1 presser,1,6.198932080391144,1.0
19,0,8042,2.0,0,0,15.86673167717951,0.0,4.2910315445078595,,0,,,,none,0,0.42910315445078595,0.0
19,0,8067,3.0,0,0,15.394772578330684,0.0,3.0236200398987876,,0,,,,none,0,0.3023620039898788,0.0
19,0,8092,4.0,0,0,14.411457576691106,0.88,3.902390397789574,2.0,0,6.0,2.0,1.0,none,0,0.3902390397789574,0.88
19,0,8117,5.0,0,0,14.390582998943563,1.0,4.287347966974124,2.0,0,6.0,2.0,1.0,none,0,0.42873479669741243,1.0
19,0,8142,6.0,0,0,14.410682109489054,0.72,4.626122407595872,,0,,,,none,0,0.46261224075958723,0.72
20,0,8360,2.0,0,0,34.376708143353504,1.0,2.795358742311251,2.0,0,6.0,0.0,0.0,none,0,0.2795358742311251,1.0
21,0,8576,2.0,0,0,18.715116964930992,0.0,41.86843344359443,,1,,,,none,0,4.186843344359443,0.0
21,0,8601,3.0,0,0,2.437088828688532,0.0,57.21586834134157,,1,,,,none,0,5.721586834134157,0.0
22,1,8712,2.0,1,1,1.5153852216090926,0.16,45.908255425663576,117.0,0,2.0,2.0,4.0,1 presser,1,4.590825542566358,0.16
22,1,8737,3.0,1,1,1.340841072399892,1.0,45.42649536310668,117.0,0,3.0,2.0,3.0,1 presser,1,4.542649536310668,1.0
22,1,8762,4.0,1,1,2.2171255515393127,0.8,45.806272952927465,,0,,,,1 presser,1,4.5806272952927465,0.8
22,1,8787,5.0,1,1,2.1478040399285465,0.0,45.846721862886994,,0,,,,1 presser,1,4.584672186288699,0.0
22,1,8862,8.0,0,0,3.9297016994272114,0.3333333333333333,46.359155241426194,111.0,0,4.0,0.0,4.0,none,1,4.63591552414262,0.3333333333333333
22,1,8887,9.0,0,0,3.902376761472596,0.36,41.28299435277462,,0,,,,none,1,4.128299435277462,0.36
22,1,8912,10.0,0,0,10.957669426596706,0.0,41.837987962251916,,0,,,,none,1,4.183798796225192,0.0
22,1,8937,11.0,0,0,16.839208334324393,0.8,43.463667738409995,105.0,0,6.0,1.0,2.0,none,1,4.346366773841,0.8
22,1,8962,12.0,0,0,16.51944196731576,1.0,46.30740178603962,105.0,0,7.0,0.0,2.0,none,1,4.630740178603962,1.0
22,1,8987,13.0,0,0,14.45849146238232,1.0,51.335941652596006,105.0,0,7.0,1.0,1.0,none,1,5.1335941652596,1.0
22,1,9012,14.0,0,0,11.11071054260975,1.0,56.670831729204394,105.0,0,6.0,2.0,1.0,none,1,5.66708317292044,1.0
22,1,9037,15.0,0,0,6.98513755382688,1.0,61.41561580204482,105.0,0,3.0,4.0,2.0,none,1,6.141561580204482,1.0
22,1,9062,16.0,0,0,3.874949402742434,1.0,64.75108141776862,105.0,0,3.0,2.0,4.0,none,1,6.475108141776862,1.0
23,1,9249,2.0,1,1,1.080431812626448,0.4,60.76675737409405,,0,,,,1 presser,1,6.0766757374094045,0.4
23,1,9274,3.0,0,0,7.742329423620482,0.64,60.426107971262724,117.0,0,4.0,2.0,3.0,none,1,6.042610797126272,0.64
23,1,9299,4.0,0,0,5.037064709883049,0.92,60.607460871426895,,0,,,,none,1,6.0607460871426895,0.92
23,1,9324,5.0,0,0,6.435209350535499,0.0,61.89444687975727,,0,,,,none,1,6.189444687975727,0.0
23,1,9349,6.0,0,0,8.78932879111075,0.8,63.870489133821685,123.0,0,5.0,1.0,1.0,none,1,6.387048913382168,0.8
23,1,9374,7.0,0,0,5.126449514428472,1.0,65.89394307525583,123.0,0,3.0,3.0,1.0,none,1,6.589394307525583,1.0
24,1,9794,2.0,1,1,4.235821866149959,0.2,60.96442840562382,,0,,,,1 presser,1,6.096442840562382,0.2
24,1,9819,3.0,0,0,6.43756244611609,1.0,63.02199314357536,105.0,0,4.0,1.0,3.0,none,1,6.302199314357535,1.0
24,1,9844,4.0,0,0,4.509569258497353,1.0,62.34509639250945,105.0,0,4.0,1.0,3.0,none,1,6.234509639250945,1.0
25,0,10611,2.0,1,1,2.849955778821043,1.0,6.163888553361218,215.0,0,4.0,0.0,2.0,1 presser,0,0.6163888553361219,1.0
25,0,10636,3.0,1,1,2.163573907494357,0.12,17.53790609105988,,0,,,,1 presser,0,1.753790609105988,0.12
26,0,11076,2.0,1,2,2.234710975193964,1.0,58.66044493988664,214.0,0,4.0,2.0,3.0,2+ pressers,0,5.866044493988664,1.0
26,0,11101,3.0,1,1,2.1159864654493954,0.96,57.5089628250531,214.0,0,,,,1 presser,0,5.750896282505311,0.96
26,0,11126,4.0,1,1,1.7781396662597455,0.72,47.724578875205836,214.0,0,1.0,2.0,6.0,1 presser,0,4.772457887520583,0.72
26,0,11151,5.0,1,1,0.938761853785775,1.0,44.97262224673095,214.0,0,1.0,1.0,6.0,1 presser,0,4.497262224673095,1.0
26,0,11176,6.0,1,1,2.0052015458757078,0.28,34.56950006250983,,0,,,,1 presser,0,3.4569500062509833,0.28
26,0,11201,7.0,1,1,3.4803982886533142,0.24,31.685747266649145,215.0,0,2.0,3.0,4.0,1 presser,0,3.1685747266649145,0.24
26,0,11226,8.0,1,1,1.4082695633060651,0.84,31.59232050996914,,0,,,,1 presser,0,3.159232050996914,0.84
26,0,11251,9.0,0,0,9.16677929339718,0.0,33.79243128931347,,0,,,,none,0,3.379243128931347,0.0
26,0,11276,10.0,0,0,15.039162466193583,0.44,35.491726677456455,221.0,0,2.0,2.0,3.0,none,0,3.5491726677456454,0.44
26,0,11301,11.0,0,0,11.163286578725895,1.0,39.30208500504196,221.0,0,1.0,5.0,3.0,none,0,3.930208500504196,1.0
26,0,11326,12.0,0,0,5.784876682887336,0.76,50.20302742194765,,0,,,,none,0,5.020302742194765,0.76
26,0,11351,13.0,1,1,1.9921415496074109,0.56,52.563642728578635,204.0,0,2.0,2.0,3.0,1 presser,0,5.256364272857864,0.56
26,0,11376,14.0,1,1,1.1410745800739321,0.4,45.04691183094638,221.0,0,4.0,1.0,2.0,1 presser,0,4.5046911830946375,0.4
26,0,11401,15.0,1,1,3.624135501026865,1.0,44.913166641910976,221.0,0,2.0,2.0,3.0,1 presser,0,4.491316664191098,1.0
26,0,11426,16.0,1,1,1.9010481355755908,1.0,45.854041315180815,208.0,0,1.0,4.0,2.0,1 presser,0,4.585404131518081,1.0
26,0,11451,17.0,1,2,0.9594334070063903,1.0,45.87321079138536,208.0,0,3.0,2.0,4.0,2+ pressers,0,4.587321079138536,1.0
26,0,11476,18.0,1,1,1.526778819806992,0.04,57.52978727148281,,0,,,,1 presser,0,5.752978727148281,0.04
26,0,11501,19.0,1,1,0.5845133819462943,0.28,62.305547487485526,221.0,0,,,,1 presser,0,6.230554748748553,0.28
26,0,11526,20.0,1,1,1.834836603934797,0.32,63.46380287117046,204.0,0,2.0,2.0,4.0,1 presser,0,6.346380287117046,0.32
26,0,11551,21.0,1,2,1.0380257444597667,1.0,62.773759864148985,204.0,1,2.0,1.0,5.0,2+ pressers,0,6.277375986414898,1.0
26,0,11576,22.0,1,2,0.3675614850394077,1.0,63.54810455073275,204.0,1,4.0,1.0,3.0,2+ pressers,0,6.354810455073276,1.0
27,1,11629,2.0,0,0,9.807338328177917,0.0,12.239680913477924,,0,,,,none,1,1.2239680913477924,0.0
27,1,11654,3.0,0,0,13.12223315619537,0.0,5.580919935215605,,0,,,,none,1,0.5580919935215605,0.0
27,1,11679,4.0,0,0,18.824865512690195,0.0,1.1392328775467429,,0,,,,none,1,0.11392328775467428,0.0
27,1,11704,5.0,0,0,24.679417946841525,0.76,1.4362872655575136,1.0,0,7.0,0.0,0.0,none,1,0.14362872655575137,0.76
27,1,11729,6.0,0,0,25.750781552869125,1.0,4.021180263488176,1.0,0,7.0,0.0,0.0,none,1,0.40211802634881766,1.0
27,1,11754,7.0,0,0,23.67523241249194,1.0,6.476769140550326,1.0,0,7.0,0.0,0.0,none,1,0.6476769140550326,1.0
27,1,11779,8.0,0,0,20.366007796453157,1.0,9.751107991714328,1.0,0,7.0,0.0,1.0,none,1,0.9751107991714327,1.0
27,1,11804,9.0,0,0,12.683990698116052,0.56,14.560506797583065,,0,,,,none,1,1.4560506797583064,0.56
27,1,11829,10.0,0,0,12.72114887667302,0.16,17.32429833845664,105.0,0,6.0,1.0,1.0,none,1,1.7324298338456638,0.16
27,1,11854,11.0,0,0,13.028131793843372,1.0,20.008519655063218,105.0,0,5.0,2.0,1.0,none,1,2.000851965506322,1.0
27,1,11879,12.0,0,0,10.47546074423484,1.0,22.554992373450997,105.0,0,5.0,3.0,0.0,none,1,2.2554992373450995,1.0
27,1,11904,13.0,0,0,8.799130645368697,1.0,25.256919233949105,105.0,0,5.0,1.0,2.0,none,1,2.5256919233949104,1.0
27,1,11929,14.0,0,0,8.934996397617853,0.16,20.628730947858397,,0,,,,none,1,2.06287309478584,0.16
27,1,11954,15.0,0,0,7.4599695918443345,0.0,27.017924195623173,,0,,,,none,1,2.7017924195623175,0.0
27,1,11979,16.0,0,0,7.77264215015485,0.16,26.512625901015568,102.0,0,5.0,2.0,1.0,none,1,2.651262590101557,0.16
27,1,12004,17.0,0,0,11.360444602692116,1.0,28.899938098756394,102.0,0,4.0,4.0,0.0,none,1,2.8899938098756395,1.0
27,1,12029,18.0,0,0,9.760822459557717,1.0,31.75462228379337,102.0,0,4.0,3.0,1.0,none,1,3.1754622283793372,1.0
27,1,12054,19.0,0,0,9.09962464981211,1.0,33.059885598562914,102.0,0,4.0,3.0,2.0,none,1,3.3059885598562913,1.0
27,1,12079,20.0,0,0,7.9751509054895235,1.0,34.0703243353429,102.0,0,4.0,2.0,2.0,none,1,3.4070324335342903,1.0
27,1,12104,21.0,0,0,4.898523125702746,0.92,38.03688852244339,,1,,,,none,1,3.8036888522443393,0.92
27,1,12129,22.0,0,0,4.03335360095527,0.0,39.69526644347875,,1,,,,none,1,3.969526644347875,0.0
28,0,12205,2.0,0,0,3.0470839585154206,0.0,56.88664194984823,,1,,,,none,0,5.688664194984823,0.0
28,0,12230,3.0,1,1,4.075039697263124,0.0,48.796872904934254,,1,,,,1 presser,0,4.879687290493425,0.0
30,0,12371,2.0,0,0,7.575671977757128,1.0,29.59121223929857,221.0,0,4.0,3.0,2.0,none,0,2.959121223929857,1.0
30,0,12396,3.0,1,2,3.126472564844405,0.48,24.69596534911986,,0,,,,2+ pressers,0,2.469596534911986,0.48
30,0,12421,4.0,0,0,7.8944658483907935,0.44,20.432947101014776,215.0,0,2.0,3.0,4.0,none,0,2.0432947101014776,0.44
30,0,12446,5.0,1,1,4.882302851721218,1.0,19.93575148148946,215.0,0,1.0,3.0,5.0,1 presser,0,1.993575148148946,1.0
30,0,12471,6.0,1,1,2.4939033243059074,1.0,21.061832508006887,215.0,0,4.0,1.0,3.0,1 presser,0,2.106183250800689,1.0
30,0,12496,7.0,1,1,1.679902263337006,1.0,21.82977225563718,215.0,0,3.0,2.0,3.0,1 presser,0,2.182977225563718,1.0
30,0,12521,8.0,1,1,2.217641039634623,1.0,32.09203322617303,221.0,0,1.0,2.0,3.0,1 presser,0,3.209203322617303,1.0
30,0,12546,9.0,1,1,1.27802750178822,1.0,35.428725253729624,221.0,0,3.0,0.0,4.0,1 presser,0,3.5428725253729625,1.0
30,0,12571,10.0,1,1,1.7314688749288052,1.0,34.61278548162835,221.0,0,2.0,1.0,4.0,1 presser,0,3.461278548162835,1.0
30,0,12596,11.0,1,1,2.4240162528237708,0.48,21.875013428330405,,0,,,,1 presser,0,2.1875013428330403,0.48
30,0,12621,12.0,0,0,6.768611362265486,0.28,17.72749241470987,215.0,0,3.0,1.0,2.0,none,0,1.7727492414709871,0.28
30,0,12646,13.0,0,0,5.431885867372483,0.76,10.087575012414675,,0,,,,none,0,1.0087575012414676,0.76
30,0,12671,14.0,0,0,12.273997996704187,0.2,4.197425113135267,2.0,0,5.0,1.0,0.0,none,0,0.41974251131352674,0.2
30,0,12696,15.0,0,0,7.673420486066488,1.0,4.699432319694168,2.0,0,3.0,2.0,2.0,none,0,0.4699432319694168,1.0
30,0,12721,16.0,1,1,3.2486159069471174,1.0,6.246237125707665,2.0,0,5.0,0.0,3.0,1 presser,0,0.6246237125707665,1.0
30,0,12746,17.0,1,1,2.972277101453952,0.36,21.611938410964655,,0,,,,1 presser,0,2.1611938410964653,0.36
30,0,12771,18.0,0,0,4.8358815398442445,0.0,39.34962996036957,,1,,,,none,0,3.934962996036957,0.0
30,0,12796,19.0,0,0,5.284399043747616,0.0,51.439316047395224,,1,,,,none,0,5.143931604739523,0.0
31,1,12906,2.0,0,0,9.046457914356251,0.0,16.900015086568587,,0,,,,none,1,1.6900015086568587,0.0
31,1,12931,3.0,0,0,7.232177297925927,0.44,12.324495740148052,1.0,0,3.0,2.0,1.0,none,1,1.2324495740148051,0.44
31,1,12956,4.0,1,1,2.5047707104505386,0.8,12.778102744197811,,0,,,,1 presser,1,1.2778102744197812,0.8
31,1,12981,5.0,0,0,7.395520130953319,0.04,14.68572371822975,102.0,0,3.0,0.0,2.0,none,1,1.468572371822975,0.04
31,1,13006,6.0,1,1,2.9454176723650884,1.0,15.495196940459895,102.0,0,2.0,2.0,1.0,1 presser,1,1.5495196940459894,1.0
31,1,13031,7.0,1,1,2.95797195810624,1.0,18.827353115126304,102.0,0,3.0,1.0,2.0,1 presser,1,1.8827353115126304,1.0
31,1,13056,8.0,0,0,7.1699711727821365,1.0,22.52911013712145,102.0,0,4.0,3.0,1.0,none,1,2.252911013712145,1.0
31,1,13081,9.0,0,0,9.426411303697773,1.0,25.95453943461535,102.0,0,3.0,2.0,3.0,none,1,2.5954539434615347,1.0
31,1,13106,10.0,0,0,10.35842704210598,1.0,28.550765822261724,117.0,0,4.0,1.0,3.0,none,1,2.8550765822261726,1.0
31,1,13131,11.0,0,0,9.948861166062335,1.0,30.591033917762832,117.0,0,5.0,1.0,2.0,none,1,3.0591033917762833,1.0
31,1,13156,12.0,0,0,7.091748112815009,0.84,34.13075856562271,117.0,0,4.0,3.0,1.0,none,1,3.4130758565622714,0.84
31,1,13181,13.0,0,0,5.750926168944523,1.0,36.66552913105582,117.0,0,3.0,3.0,2.0,none,1,3.666552913105582,1.0
31,1,13206,14.0,0,0,5.609177933568405,1.0,38.08979486140905,117.0,0,2.0,2.0,3.0,none,1,3.8089794861409048,1.0
31,1,13231,15.0,0,0,6.721424800695307,1.0,39.560223657212454,117.0,0,4.0,1.0,4.0,none,1,3.956022365721245,1.0
31,1,13256,16.0,0,0,6.009597705829745,0.4,40.758279943656774,,0,,,,none,1,4.075827994365677,0.4
31,1,13281,17.0,0,0,8.781906932105422,0.2,40.597446655060146,105.0,0,5.0,1.0,2.0,none,1,4.059744665506015,0.2
31,1,13306,18.0,0,0,10.932232713858067,1.0,46.773823611386305,105.0,0,5.0,2.0,1.0,none,1,4.677382361138631,1.0
31,1,13331,19.0,0,0,9.856112594478123,1.0,51.36428845456723,105.0,0,5.0,1.0,2.0,none,1,5.136428845456723,1.0
31,1,13356,20.0,0,0,8.992836431517796,1.0,56.110932107850005,105.0,0,5.0,0.0,3.0,none,1,5.6110932107850005,1.0
31,1,13381,21.0,0,0,5.086119367968735,1.0,59.02322708698993,105.0,0,4.0,1.0,3.0,none,1,5.902322708698993,1.0
32,0,13857,2.0,0,0,6.19168398524875,0.12,6.492150193181061,,0,,,,none,0,0.6492150193181061,0.12
32,0,13882,3.0,0,0,7.035762318117911,0.0,5.998894253149217,,0,,,,none,0,0.5998894253149217,0.0
32,0,13907,4.0,0,0,6.956406282977767,0.4,4.581611757789432,2.0,1,8.0,0.0,0.0,none,0,0.45816117577894316,0.4
32,0,13932,5.0,1,1,4.083872643630147,1.0,4.56022457309507,2.0,1,2.0,3.0,2.0,1 presser,0,0.45602245730950697,1.0
33,0,14459,2.0,1,2,0.8374984688702724,0.68,25.036624579440513,222.0,0,2.0,3.0,2.0,2+ pressers,0,2.5036624579440514,0.68
33,0,14484,3.0,1,1,0.5024161591827416,0.6,37.693200150336,,1,,,,1 presser,0,3.7693200150335997,0.6
33,0,14509,4.0,0,0,1.6518047337602546,0.0,46.46460227820535,,1,,,,none,0,4.646460227820535,0.0
34,1,14562,2.0,1,1,1.0157024851141905,1.0,46.02501545085787,103.0,0,7.0,0.0,0.0,1 presser,1,4.602501545085787,1.0
34,1,14587,3.0,1,1,0.12633994414597632,0.56,30.308825962731852,,0,,,,1 presser,1,3.030882596273185,0.56
34,1,14612,4.0,0,0,8.999771988215421,0.0,17.439164111187438,,0,,,,none,1,1.7439164111187437,0.0
34,1,14637,5.0,0,0,7.310037290285807,0.8,13.45801074243652,1.0,0,2.0,1.0,2.0,none,1,1.345801074243652,0.8
34,1,14662,6.0,0,0,4.531852473356909,0.6,22.450449558298594,,0,,,,none,1,2.2450449558298593,0.6
34,1,14687,7.0,0,0,6.2016716272973476,0.2,27.240871433889474,103.0,0,7.0,1.0,0.0,none,1,2.7240871433889473,0.2
34,1,14712,8.0,0,0,8.803980686991482,1.0,28.065961161971458,103.0,0,5.0,2.0,1.0,none,1,2.806596116197146,1.0
34,1,14737,9.0,0,0,9.484621960145432,0.8,36.49980874214795,,0,,,,none,1,3.649980874214795,0.8
34,1,14762,10.0,0,0,11.764802731851695,0.6,40.0198568686462,108.0,0,8.0,0.0,0.0,none,1,4.00198568686462,0.6
34,1,14787,11.0,0,0,12.88306727452602,1.0,42.313101628443704,108.0,0,8.0,0.0,0.0,none,1,4.231310162844371,1.0
34,1,14812,12.0,0,0,10.531500636600642,1.0,46.48131802254359,108.0,0,8.0,0.0,0.0,none,1,4.648131802254359,1.0
34,1,14837,13.0,0,0,7.555464274233898,1.0,49.90064110566979,108.0,0,6.0,2.0,0.0,none,1,4.990064110566979,1.0
35,0,14914,2.0,1,1,0.6913343841329715,0.0,11.192154129202137,,0,,,,1 presser,0,1.1192154129202136,0.0
35,0,14939,3.0,1,1,1.175734365658912,0.32,7.041783383953799,215.0,0,4.0,2.0,1.0,1 presser,0,0.7041783383953799,0.32
35,0,14964,4.0,1,1,1.2999645298791045,1.0,7.411802598646176,221.0,0,4.0,1.0,3.0,1 presser,0,0.7411802598646176,1.0
35,0,14989,5.0,1,1,1.3906225115729027,1.0,9.013282082297309,221.0,0,4.0,3.0,1.0,1 presser,0,0.9013282082297309,1.0
35,0,15014,6.0,1,2,0.6930440442613559,1.0,14.692798409984121,221.0,0,3.0,4.0,2.0,2+ pressers,0,1.469279840998412,1.0
35,0,15039,7.0,1,2,2.079455452656501,1.0,19.554152588744017,221.0,0,0.0,3.0,6.0,2+ pressers,0,1.9554152588744018,1.0
35,0,15064,8.0,1,2,1.797999104712552,1.0,21.72502374537872,221.0,0,3.0,2.0,4.0,2+ pressers,0,2.172502374537872,1.0
35,0,15089,9.0,1,2,1.6803112953408679,1.0,13.846165263569162,208.0,0,3.0,2.0,4.0,2+ pressers,0,1.3846165263569161,1.0
35,0,15114,10.0,1,2,2.5750235701576942,0.12,7.814522223832256,,0,,,,2+ pressers,0,0.7814522223832256,0.12
35,0,15139,11.0,0,0,12.34791197547796,0.28,8.21335141197477,202.0,0,3.0,2.0,4.0,none,0,0.821335141197477,0.28
35,0,15164,12.0,0,0,6.413926081085465,1.0,10.324580728312753,202.0,0,4.0,2.0,3.0,none,0,1.0324580728312753,1.0
35,0,15189,13.0,1,1,2.3096183853662833,0.17391304347826086,18.2743549704294,,0,,,,1 presser,0,1.82743549704294,0.17391304347826086
35,0,15239,15.0,0,0,1.7747556006530554,0.0,23.919034656401777,,0,,,,none,0,2.3919034656401776,0.0
35,0,15264,16.0,0,0,0.7808762916433556,0.0,12.907308096527103,,0,,,,none,0,1.2907308096527104,0.0
35,0,15289,17.0,0,0,10.115307191211805,0.32,11.595186229074201,202.0,0,5.0,0.0,3.0,none,0,1.1595186229074201,0.32
35,0,15314,18.0,0,0,4.69039979453045,0.8,9.35512086980873,,0,,,,none,0,0.935512086980873,0.8
35,0,15339,19.0,0,0,7.256527088518666,0.0,7.191929460735793,,0,,,,none,0,0.7191929460735793,0.0
35,0,15364,20.0,0,0,10.452973981559062,0.8,6.922613699674855,215.0,0,4.0,3.0,0.0,none,0,0.6922613699674856,0.8
35,0,15389,21.0,1,1,2.658014794790424,0.28,19.732645338201365,,0,,,,1 presser,0,1.9732645338201364,0.28
35,0,15414,22.0,0,0,5.55394088110148,0.0,26.49163119817956,,0,,,,none,0,2.649163119817956,0.0
35,0,15439,23.0,0,0,8.305474749213106,0.24,31.085408937680754,221.0,0,3.0,0.0,4.0,none,0,3.108540893768075,0.24
35,0,15464,24.0,0,0,6.555967235876929,1.0,35.67722461051298,221.0,0,2.0,2.0,3.0,none,0,3.567722461051298,1.0
35,0,15489,25.0,1,1,0.8712266084216354,1.0,40.70138476000503,221.0,0,4.0,1.0,2.0,1 presser,0,4.070138476000503,1.0
35,0,15514,26.0,1,1,0.4232815438824201,0.4,39.74489099667758,,1,,,,1 presser,0,3.974489099667758,0.4
35,0,15539,27.0,1,1,1.305660213226461,0.68,40.295361730046295,207.0,1,4.0,3.0,0.0,1 presser,0,4.0295361730046295,0.68
37,0,15708,2.0,0,0,5.483228847991767,0.0,19.03105795141576,,1,,,,none,0,1.9031057951415762,0.0
37,0,15733,3.0,0,0,6.55770084106937,0.0,17.977088240437737,,1,,,,none,0,1.7977088240437737,0.0
38,1,16394,2.0,0,0,8.884106475839376,0.88,62.82739618530561,102.0,0,5.0,1.0,3.0,none,1,6.282739618530561,0.88
38,1,16419,3.0,0,0,8.69860515845613,1.0,67.08356385131002,102.0,0,5.0,0.0,4.0,none,1,6.708356385131002,1.0
39,0,16683,2.0,1,1,0.34896593336322956,1.0,18.34860967533824,208.0,0,2.0,3.0,4.0,1 presser,0,1.8348609675338239,1.0
39,0,16708,3.0,1,2,2.4302007695738435,1.0,21.629268103823833,221.0,0,1.0,0.0,8.0,2+ pressers,0,2.162926810382383,1.0
39,0,16733,4.0,1,1,0.11719745907559771,1.0,25.00081501140437,221.0,0,3.0,4.0,2.0,1 presser,0,2.500081501140437,1.0
39,0,16758,5.0,1,1,0.06887544930944331,0.8,26.79275692569483,,0,,,,1 presser,0,2.679275692569483,0.8
39,0,16783,6.0,1,1,1.6452555219920644,0.36,28.78184052225015,207.0,0,0.0,1.0,6.0,1 presser,0,2.878184052225015,0.36
39,0,16808,7.0,0,0,4.779391533195087,1.0,28.76346436969584,207.0,0,1.0,2.0,4.0,none,0,2.876346436969584,1.0
39,0,16833,8.0,0,0,4.725657018739037,1.0,29.358278056680234,207.0,0,1.0,3.0,3.0,none,0,2.9358278056680236,1.0
39,0,16858,9.0,0,0,4.8994221144392105,1.0,26.175300615928435,221.0,0,1.0,3.0,4.0,none,0,2.6175300615928436,1.0
39,0,16883,10.0,0,0,6.54458453795336,1.0,26.94132702167194,221.0,0,1.0,2.0,4.0,none,0,2.694132702167194,1.0
39,0,16908,11.0,0,0,5.541451826394188,0.4,27.361177614584065,,0,,,,none,0,2.7361177614584067,0.4
40,0,17178,2.0,1,1,0.8698986820010045,1.0,23.643243269486618,204.0,0,3.0,2.0,3.0,1 presser,0,2.364324326948662,1.0
40,0,17203,3.0,1,1,1.7832509530179137,1.0,23.279757430781046,208.0,0,2.0,2.0,3.0,1 presser,0,2.3279757430781047,1.0
40,0,17228,4.0,1,1,0.5865922698682103,0.72,17.041089804367317,,0,,,,1 presser,0,1.7041089804367318,0.72
40,0,17253,5.0,0,0,9.569158804292288,0.0,16.240324428284097,,0,,,,none,0,1.6240324428284096,0.0
40,0,17278,6.0,0,0,13.33111963230725,0.12,15.008027492425114,214.0,0,6.0,0.0,1.0,none,0,1.5008027492425113,0.12
40,0,17303,7.0,0,0,13.092229025339865,1.0,14.510844108385655,214.0,0,5.0,1.0,1.0,none,0,1.4510844108385654,1.0
40,0,17328,8.0,0,0,10.38604503376241,0.0,16.39567634970534,,0,,,,none,0,1.639567634970534,0.0
40,0,17353,9.0,0,0,5.936872896322816,0.0,25.726258969864105,,0,,,,none,0,2.5726258969864104,0.0
40,0,17378,10.0,1,1,2.8704507251106546,0.84,24.420749886608093,222.0,0,1.0,4.0,2.0,1 presser,0,2.442074988660809,0.84
40,0,17403,11.0,1,1,1.2481793751256718,0.56,25.49334959952678,,0,,,,1 presser,0,2.5493349599526782,0.56
40,0,17428,12.0,0,0,3.228761081541865,0.0,26.12543312022339,,1,,,,none,0,2.612543312022339,0.0
42,0,17911,2.0,1,1,0.4560549976027439,0.72,33.2325781619908,215.0,0,6.0,3.0,0.0,1 presser,0,3.3232578161990802,0.72
42,0,17936,3.0,1,1,0.05807016599834792,0.56,36.862714811956494,,0,,,,1 presser,0,3.686271481195649,0.56
42,0,17961,4.0,0,0,7.3606296832046025,0.36,41.65909952550483,221.0,0,5.0,0.0,4.0,none,0,4.165909952550483,0.36
42,0,17986,5.0,0,0,5.496735377385872,1.0,48.260543147444835,221.0,1,5.0,2.0,2.0,none,0,4.826054314744484,1.0
42,0,18011,6.0,1,1,3.020082753415113,1.0,54.18862897254911,221.0,1,4.0,2.0,3.0,1 presser,0,5.418862897254911,1.0
43,1,18079,2.0,0,0,6.24304444328585,0.0,41.25575730294905,,0,,,,none,1,4.125575730294905,0.0
43,1,18104,3.0,1,1,4.049305829786902,0.88,43.96796168258431,108.0,0,5.0,2.0,2.0,1 presser,1,4.396796168258431,0.88
43,1,18129,4.0,1,1,4.107620450572558,1.0,48.71048979325742,108.0,0,5.0,2.0,2.0,1 presser,1,4.871048979325742,1.0
43,1,18154,5.0,1,1,3.1717168777062135,0.8,54.45059192070622,,0,,,,1 presser,1,5.445059192070622,0.8
43,1,18179,6.0,0,0,6.498019487659141,0.4,56.40297601161876,109.0,0,3.0,3.0,2.0,none,1,5.640297601161876,0.4
43,1,18204,7.0,1,1,4.730566541651952,1.0,60.3941529458499,109.0,0,4.0,2.0,3.0,1 presser,1,6.03941529458499,1.0
43,1,18229,8.0,1,1,3.4485660231232544,1.0,66.57955370638496,109.0,0,3.0,3.0,3.0,1 presser,1,6.657955370638495,1.0
45,0,18827,2.0,1,1,2.1750861337025005,1.0,22.008780650603228,214.0,0,4.0,2.0,1.0,1 presser,0,2.200878065060323,1.0
45,0,18852,3.0,1,1,1.4344999636104445,0.16,13.053358287316797,,0,,,,1 presser,0,1.3053358287316796,0.16
45,0,18877,4.0,0,0,12.137543570362391,0.0,9.817484101694347,,0,,,,none,0,0.9817484101694347,0.0
45,0,18902,5.0,0,0,9.12279161659088,1.0,10.830002613556417,202.0,0,5.0,1.0,2.0,none,0,1.0830002613556418,1.0
45,0,18927,6.0,0,0,6.122112778944306,1.0,12.38578750147937,202.0,0,4.0,3.0,2.0,none,0,1.238578750147937,1.0
45,0,18952,7.0,0,0,4.722462482451101,0.2,25.70381134881977,,0,,,,none,0,2.570381134881977,0.2
46,0,19201,2.0,0,0,4.948446665251425,1.0,29.34223279975211,221.0,0,3.0,1.0,3.0,none,0,2.9342232799752113,1.0
46,0,19226,3.0,0,0,5.417756789936328,0.04,17.92843546502941,,0,,,,none,0,1.7928435465029409,0.04
46,0,19251,4.0,0,0,15.684146042519682,0.88,14.755119537139834,215.0,0,4.0,2.0,1.0,none,0,1.4755119537139834,0.88
46,0,19276,5.0,0,0,16.911326774302022,1.0,14.780713968343406,215.0,0,5.0,1.0,1.0,none,0,1.4780713968343406,1.0
46,0,19301,6.0,0,0,14.729367589826744,1.0,16.411029717860814,215.0,0,5.0,2.0,1.0,none,0,1.6411029717860814,1.0
46,0,19326,7.0,0,0,12.371498144741654,1.0,18.13432633904563,215.0,0,5.0,2.0,1.0,none,0,1.8134326339045628,1.0
46,0,19351,8.0,0,0,8.404609786271731,1.0,19.340760788995084,215.0,0,5.0,2.0,0.0,none,0,1.9340760788995084,1.0
46,0,19376,9.0,0,0,8.252853090447113,0.08,16.587767874242346,,0,,,,none,0,1.6587767874242345,0.08
46,0,19401,10.0,0,0,14.34470588742213,0.6,16.766039761629713,202.0,0,6.0,2.0,1.0,none,0,1.6766039761629714,0.6
46,0,19426,11.0,0,0,14.330530453701208,1.0,17.789073721789833,202.0,0,5.0,3.0,1.0,none,0,1.7789073721789834,1.0
46,0,19451,12.0,0,0,13.053350827720246,1.0,20.379563498330015,202.0,0,5.0,2.0,2.0,none,0,2.0379563498330016,1.0
46,0,19476,13.0,0,0,11.11706981364537,1.0,21.78287210886826,202.0,0,4.0,3.0,2.0,none,0,2.1782872108868263,1.0
46,0,19501,14.0,0,0,7.943570877679073,1.0,22.876173237264595,202.0,0,3.0,2.0,3.0,none,0,2.2876173237264594,1.0
46,0,19526,15.0,0,0,6.595176236813612,0.72,15.04362095512262,,0,,,,none,0,1.504362095512262,0.72
46,0,19551,16.0,0,0,15.230306896904082,0.0,8.674716746287174,,0,,,,none,0,0.8674716746287174,0.0
46,0,19576,17.0,0,0,14.536581336216427,0.92,8.967725847150618,2.0,0,6.0,2.0,0.0,none,0,0.8967725847150618,0.92
46,0,19601,18.0,0,0,15.060742295924722,1.0,10.169102933300962,2.0,0,6.0,1.0,1.0,none,0,1.0169102933300962,1.0
46,0,19626,19.0,0,0,17.2664007354356,1.0,10.785617019190653,2.0,0,5.0,0.0,3.0,none,0,1.0785617019190652,1.0
46,0,19651,20.0,0,0,17.184702131169544,1.0,11.038848290076345,2.0,0,5.0,0.0,3.0,none,0,1.1038848290076344,1.0
46,0,19676,21.0,0,0,15.821301113606946,1.0,10.750883213567562,2.0,0,5.0,0.0,3.0,none,0,1.0750883213567561,1.0
46,0,19701,22.0,0,0,14.640418050178939,1.0,10.16137433885666,2.0,0,5.0,0.0,3.0,none,0,1.0161374338856661,1.0
46,0,19726,23.0,0,0,13.223324044250463,1.0,9.737837126760496,2.0,0,5.0,0.0,3.0,none,0,0.9737837126760496,1.0
46,0,19751,24.0,0,0,9.149454949902678,1.0,10.997179987269135,2.0,0,3.0,2.0,3.0,none,0,1.0997179987269134,1.0
46,0,19776,25.0,0,0,7.544318295302602,1.0,11.341865183867782,2.0,0,5.0,0.0,3.0,none,0,1.134186518386778,1.0
46,0,19801,26.0,0,0,8.24098493513997,0.16,37.18930768028275,,0,,,,none,0,3.718930768028275,0.16
46,0,19826,27.0,0,0,3.2332746584561063,0.0,52.11976900820681,,0,,,,none,0,5.211976900820681,0.0
46,0,19851,28.0,0,0,2.1341570432468213,0.12,57.65221479722656,219.0,0,2.0,3.0,0.0,none,0,5.765221479722657,0.12
46,0,19876,29.0,0,0,2.092668705283914,0.44,63.22849151142463,,0,,,,none,0,6.322849151142463,0.44
46,0,19901,30.0,0,0,4.883564646023367,0.0,63.019121345943084,,1,,,,none,0,6.301912134594309,0.0
46,0,19926,31.0,0,0,2.3031305448380017,0.0,61.37240630927208,,1,,,,none,0,6.137240630927208,0.0
47,1,19986,2.0,0,0,4.297982192408196,0.0,37.072595374174405,,0,,,,none,1,3.7072595374174404,0.0
47,1,20011,3.0,0,0,7.001885253530648,0.16,30.97660567099129,102.0,0,5.0,1.0,2.0,none,1,3.097660567099129,0.16
47,1,20036,4.0,0,0,11.308840684884222,0.96,31.596383561693443,102.0,0,,,,none,1,3.1596383561693444,0.96
47,1,20061,5.0,0,0,9.223239583937136,0.64,34.19406119926836,102.0,0,6.0,0.0,2.0,none,1,3.419406119926836,0.64
47,1,20086,6.0,0,0,5.98148613240377,0.48,41.599496633406446,,0,,,,none,1,4.159949663340645,0.48
47,1,20111,7.0,0,0,5.374307688073983,0.88,43.10424885605334,117.0,0,5.0,3.0,1.0,none,1,4.310424885605334,0.88
47,1,20136,8.0,0,0,5.593175030522429,1.0,43.68171229506997,117.0,0,4.0,3.0,2.0,none,1,4.368171229506997,1.0
47,1,20161,9.0,0,0,5.1246523824463335,0.92,44.07666702790612,,1,,,,none,1,4.407666702790612,0.92
47,1,20186,10.0,0,0,5.413030887202996,0.44,45.11567618630163,105.0,1,0.0,3.0,4.0,none,1,4.5115676186301625,0.44
48,0,20249,2.0,1,1,0.4496707448053244,0.0,37.73093869827555,,1,,,,1 presser,0,3.773093869827555,0.0
50,0,20428,2.0,1,1,3.5240052675031746,0.24,7.38880853193082,,1,,,,1 presser,0,0.738880853193082,0.24
50,0,20453,3.0,0,0,5.029877373706659,0.8,9.638425111214588,2.0,1,6.0,2.0,2.0,none,0,0.9638425111214588,0.8
51,1,20563,2.0,0,0,13.84858306150463,0.0,49.61046620729712,,1,,,,none,1,4.961046620729713,0.0
52,0,20658,2.0,1,1,0.4224714304097654,0.52,41.88920165553219,208.0,1,6.0,1.0,2.0,1 presser,0,4.188920165553219,0.52
53,1,20721,2.0,1,1,0.9860302513997978,1.0,63.24865865818567,108.0,0,6.0,2.0,1.0,1 presser,1,6.324865865818567,1.0
53,1,20746,3.0,1,1,4.930124824109513,1.0,65.18317263943351,108.0,0,5.0,1.0,3.0,1 presser,1,6.51831726394335,1.0
53,1,20771,4.0,1,1,3.2017663596809998,1.0,66.85813075067855,108.0,0,5.0,1.0,3.0,1 presser,1,6.6858130750678555,1.0
54,1,21401,2.0,0,0,11.450877437550657,1.0,58.69207282611002,102.0,0,7.0,1.0,1.0,none,1,5.869207282611002,1.0
54,1,21426,3.0,0,0,8.941677296991617,0.2,62.783405396327645,,0,,,,none,1,6.278340539632764,0.2
54,1,21451,4.0,0,0,11.883451093890434,0.6,62.19382396778046,123.0,0,6.0,0.0,2.0,none,1,6.219382396778046,0.6
54,1,21476,5.0,0,0,9.767497021272593,1.0,65.0364096047997,123.0,0,5.0,1.0,2.0,none,1,6.50364096047997,1.0
54,1,21501,6.0,0,0,7.524354142149854,1.0,67.26555498385505,123.0,0,3.0,2.0,3.0,none,1,6.726555498385506,1.0
54,1,21526,7.0,0,0,6.343666888747621,1.0,67.80693600172228,123.0,0,5.0,1.0,2.0,none,1,6.780693600172228,1.0
54,1,21551,8.0,1,1,3.5302880613691032,0.24,69.96383954689283,,0,,,,1 presser,1,6.996383954689283,0.24
54,1,21576,9.0,1,1,2.174823970877526,0.88,69.79570290092009,117.0,0,6.0,0.0,3.0,1 presser,1,6.979570290092009,0.88
54,1,21601,10.0,1,1,1.4478245952380533,0.56,69.41834330342759,,0,,,,1 presser,1,6.941834330342759,0.56
54,1,21626,11.0,0,0,7.8069754986951185,0.32,69.68523177567083,105.0,0,3.0,2.0,3.0,none,1,6.968523177567083,0.32
55,0,22263,2.0,0,0,15.614741067267227,1.0,3.5310580558151514,2.0,0,8.0,1.0,0.0,none,0,0.35310580558151516,1.0
55,0,22288,3.0,0,0,15.322053767848448,1.0,3.84348053476441,2.0,0,8.0,0.0,0.0,none,0,0.384348053476441,1.0
55,0,22313,4.0,0,0,13.493404347556236,1.0,2.6712708728849464,2.0,0,8.0,0.0,0.0,none,0,0.26712708728849466,1.0
55,0,22338,5.0,0,0,6.889982277626922,1.0,4.721881377391028,215.0,0,6.0,2.0,0.0,none,0,0.47218813773910284,1.0
55,0,22363,6.0,0,0,5.21174642159841,0.72,14.854810564141616,,0,,,,none,0,1.4854810564141616,0.72
55,0,22388,7.0,0,0,15.640503082860619,0.0,23.364134379234926,,1,,,,none,0,2.3364134379234924,0.0
55,0,22413,8.0,0,0,1.8951292838399794,0.0,50.95621709891695,,1,,,,none,0,5.095621709891695,0.0
56,1,22478,2.0,1,1,0.9639277118433807,0.48,57.030218497709676,,0,,,,1 presser,1,5.703021849770968,0.48
56,1,22503,3.0,1,1,4.2468867244296895,0.24,57.72206268666247,109.0,0,2.0,3.0,3.0,1 presser,1,5.772206268666247,0.24
56,1,22528,4.0,1,2,3.345977245724307,1.0,47.529367486913856,103.0,0,2.0,3.0,3.0,2+ pressers,1,4.752936748691385,1.0
56,1,22553,5.0,1,1,2.675474691533034,0.52,43.478834699084004,103.0,0,2.0,2.0,4.0,1 presser,1,4.347883469908401,0.52
56,1,22578,6.0,1,1,2.793670861127666,0.16,28.37609931472854,,0,,,,1 presser,1,2.837609931472854,0.16
56,1,22603,7.0,0,0,14.56451648152314,0.12,21.20858600145182,1.0,0,6.0,1.0,1.0,none,1,2.120858600145182,0.12
56,1,22628,8.0,0,0,14.492259832191897,1.0,23.51335651780071,1.0,0,6.0,3.0,0.0,none,1,2.351335651780071,1.0
56,1,22653,9.0,0,0,12.130525751506111,1.0,25.505630070790897,1.0,0,5.0,3.0,1.0,none,1,2.5505630070790897,1.0
56,1,22678,10.0,0,0,9.429064310058282,0.56,31.971315775529284,,0,,,,none,1,3.1971315775529283,0.56
56,1,22703,11.0,0,0,11.786650675032433,0.64,34.127418331333075,102.0,0,4.0,1.0,2.0,none,1,3.4127418331333077,0.64
56,1,22728,12.0,0,0,11.235193663533611,0.8,38.13633746700698,102.0,0,,,,none,1,3.813633746700698,0.8
56,1,22753,13.0,1,1,4.355055783737708,0.44,50.015605165451035,,0,,,,1 presser,1,5.001560516545103,0.44
56,1,22778,14.0,1,1,2.772340780376993,0.6,54.264475193335066,117.0,0,2.0,5.0,2.0,1 presser,1,5.426447519333506,0.6
56,1,22803,15.0,1,1,0.5249320112777858,1.0,58.07242176971808,117.0,0,5.0,3.0,1.0,1 presser,1,5.807242176971808,1.0
56,1,22828,16.0,1,1,0.45322169961182485,0.0,58.68650984541325,,0,,,,1 presser,1,5.868650984541325,0.0
56,1,22853,17.0,1,1,1.0283321949257747,0.0,60.19175349235513,,0,,,,1 presser,1,6.019175349235513,0.0
56,1,22878,18.0,1,1,1.049020785834005,0.56,59.48492155986528,108.0,0,5.0,1.0,3.0,1 presser,1,5.948492155986528,0.56
56,1,22903,19.0,0,0,2.0559211077434476,1.0,58.22343838742858,108.0,0,5.0,1.0,3.0,none,1,5.822343838742858,1.0
56,1,22928,20.0,0,0,3.114807121761775,0.0,57.99869542630551,,0,,,,none,1,5.799869542630551,0.0
56,1,23003,23.0,0,0,6.039789849717525,0.0,56.5160644704295,,0,,,,none,1,5.6516064470429495,0.0
56,1,23028,24.0,0,0,7.102051010272524,0.88,58.88365971847587,108.0,0,6.0,1.0,1.0,none,1,5.888365971847587,0.88
56,1,23053,25.0,0,0,8.48882812060276,0.76,67.10234802277373,,0,,,,none,1,6.710234802277372,0.76
57,1,23287,2.0,1,1,3.131260807574549,0.72,58.49596594430368,105.0,0,5.0,0.0,3.0,1 presser,1,5.849596594430368,0.72
57,1,23312,3.0,1,1,1.5858829858722847,1.0,58.568915520514814,105.0,0,3.0,4.0,1.0,1 presser,1,5.856891552051481,1.0
57,1,23337,4.0,1,1,2.238430717829262,1.0,64.33307452968803,103.0,0,2.0,1.0,4.0,1 presser,1,6.433307452968803,1.0
57,1,23362,5.0,1,2,1.7750237306015284,1.0,62.31586955143874,103.0,0,2.0,0.0,5.0,2+ pressers,1,6.231586955143873,1.0
57,1,23387,6.0,0,0,1.8088861082202017,0.04,49.129849705403124,,0,,,,none,1,4.912984970540313,0.04
57,1,23412,7.0,1,1,3.67750806519071,1.0,48.96816395046009,105.0,0,3.0,3.0,2.0,1 presser,1,4.896816395046009,1.0
57,1,23437,8.0,1,1,2.372589305027909,0.72,48.48281143316099,,0,,,,1 presser,1,4.848281143316099,0.72
57,1,23462,9.0,1,1,3.8960854320688205,0.48,48.66964666548879,102.0,0,3.0,4.0,2.0,1 presser,1,4.8669646665488795,0.48
57,1,23487,10.0,1,1,1.4586120693316473,1.0,48.48220842979464,102.0,0,5.0,2.0,2.0,1 presser,1,4.8482208429794635,1.0
57,1,23512,11.0,1,2,1.270535112212722,1.0,64.70470709456173,108.0,0,1.0,2.0,5.0,2+ pressers,1,6.470470709456173,1.0
60,0,24897,2.0,1,2,0.5735258895969811,0.0,59.28952076952281,219.0,0,,,,2+ pressers,0,5.928952076952281,0.0
60,0,24922,3.0,1,2,0.40122668584602533,0.72,64.73768793564008,219.0,0,2.0,1.0,2.0,2+ pressers,0,6.473768793564008,0.72
61,1,25035,2.0,1,1,1.0482066751529142,0.68,33.775269263413215,,0,,,,1 presser,1,3.3775269263413215,0.68
61,1,25060,3.0,0,0,1.1261088228647378,0.0,53.30453052849291,,1,,,,none,1,5.3304530528492915,0.0
61,1,25085,4.0,0,0,1.5614686050735997,0.0,63.57236681299107,,1,,,,none,1,6.357236681299107,0.0
62,0,25185,2.0,1,1,4.414226055558385,0.8,51.19115644512738,221.0,0,2.0,1.0,5.0,1 presser,0,5.119115644512738,0.8
62,0,25210,3.0,1,1,4.293711431067601,1.0,52.28876144124618,221.0,0,3.0,2.0,2.0,1 presser,0,5.228876144124618,1.0
62,0,25235,4.0,1,1,4.610577712635117,1.0,53.56394459651052,221.0,0,1.0,3.0,2.0,1 presser,0,5.356394459651051,1.0
62,0,25260,5.0,1,1,1.6962287409947558,1.0,52.73324559173925,204.0,0,2.0,2.0,2.0,1 presser,0,5.273324559173925,1.0
62,0,25285,6.0,1,1,1.1335666421396784,1.0,52.12044145455155,204.0,0,3.0,0.0,4.0,1 presser,0,5.212044145455155,1.0
62,0,25310,7.0,1,1,1.139659906773246,0.08,48.78026342203545,,0,,,,1 presser,0,4.878026342203546,0.08
62,0,25335,8.0,1,1,1.5166154900760522,0.72,49.05332005107303,208.0,0,2.0,2.0,4.0,1 presser,0,4.905332005107303,0.72
62,0,25360,9.0,1,1,0.9563236376667776,0.64,47.30773654059362,,0,,,,1 presser,0,4.730773654059362,0.64
62,0,25385,10.0,0,0,5.726597424437942,0.0,46.57150201322371,,0,,,,none,0,4.657150201322371,0.0
62,0,25410,11.0,1,1,3.4873397768515892,0.76,46.56465445920843,202.0,0,3.0,0.0,5.0,1 presser,0,4.656465445920842,0.76
62,0,25435,12.0,1,1,1.0599335338926357,1.0,46.56986169881736,202.0,0,3.0,0.0,5.0,1 presser,0,4.656986169881736,1.0
62,0,25460,13.0,1,1,0.8917983003373933,0.6,46.36945562771582,,0,,,,1 presser,0,4.636945562771582,0.6
62,0,25485,14.0,1,1,3.3720625369427744,0.12,46.68334696843056,215.0,0,2.0,0.0,6.0,1 presser,0,4.668334696843056,0.12
62,0,25510,15.0,1,1,1.7612188555158017,0.4,49.47215721190179,,0,,,,1 presser,0,4.947215721190179,0.4
67,1,27521,2.0,1,3,0.6549525921457269,1.0,23.25018703576297,108.0,0,6.0,0.0,2.0,2+ pressers,1,2.325018703576297,1.0
67,1,27546,3.0,1,2,0.8438629586765559,0.24,16.313209316787425,,0,,,,2+ pressers,1,1.6313209316787425,0.24
67,1,27571,4.0,0,0,8.936174797391667,0.0,13.93865350092722,,0,,,,none,1,1.393865350092722,0.0
67,1,27596,5.0,0,0,12.004114904883048,0.0,11.287580118709602,,0,,,,none,1,1.1287580118709601,0.0
67,1,27621,6.0,0,0,14.15868009088145,0.0,13.229402925335824,,0,,,,none,1,1.3229402925335825,0.0
67,1,27646,7.0,0,0,8.073679332071343,0.4,19.956359156361884,123.0,0,3.0,1.0,4.0,none,1,1.9956359156361885,0.4
67,1,27671,8.0,0,0,8.513258296544837,1.0,19.77463238945102,123.0,0,4.0,1.0,3.0,none,1,1.9774632389451021,1.0
67,1,27696,9.0,0,0,5.2120940409085845,0.2916666666666667,24.750737036462887,,0,,,,none,1,2.475073703646289,0.2916666666666667
68,1,27874,2.0,0,0,7.243982553505183,0.0,21.567789197630297,,0,,,,none,1,2.15677891976303,0.0
68,1,27899,3.0,1,1,2.4657479069147445,0.0,29.73307826890062,,1,,,,1 presser,1,2.973307826890062,0.0
68,1,27924,4.0,1,1,0.6967394846121345,0.68,30.108598177805458,111.0,1,5.0,1.0,3.0,1 presser,1,3.010859817780546,0.68
70,0,28139,2.0,1,2,1.3880510049690005,1.0,58.19990524434252,208.0,0,5.0,2.0,2.0,2+ pressers,0,5.819990524434251,1.0
71,1,28283,2.0,0,0,12.020756312158852,1.0,7.170038600068015,1.0,0,6.0,0.0,2.0,none,1,0.7170038600068015,1.0
71,1,28308,3.0,0,0,9.915472497263295,1.0,10.685448319761935,1.0,0,5.0,1.0,2.0,none,1,1.0685448319761934,1.0
71,1,28333,4.0,0,0,10.940616015501648,0.04,14.467765363544135,105.0,0,8.0,0.0,0.0,none,1,1.4467765363544136,0.04
71,1,28358,5.0,0,0,16.374423273822458,1.0,17.395258189914998,105.0,0,8.0,0.0,0.0,none,1,1.7395258189914997,1.0
71,1,28383,6.0,0,0,15.917796140805411,1.0,21.264551513956484,105.0,0,8.0,0.0,0.0,none,1,2.1264551513956484,1.0
71,1,28408,7.0,0,0,12.633154529596332,0.64,28.88121902864622,105.0,0,,,,none,1,2.888121902864622,0.64
71,1,28433,8.0,0,0,12.67091895170522,0.76,31.65028513394879,105.0,0,,,,none,1,3.165028513394879,0.76
71,1,28458,9.0,0,0,12.757564849189906,0.76,36.844512930561166,105.0,0,5.0,1.0,2.0,none,1,3.6844512930561164,0.76
71,1,28483,10.0,0,0,10.807527388173263,0.96,43.21642605797129,105.0,0,,,,none,1,4.321642605797129,0.96
71,1,28508,11.0,0,0,10.130132615474695,1.0,47.73499124700387,105.0,0,4.0,5.0,0.0,none,1,4.773499124700387,1.0
71,1,28533,12.0,0,0,7.645026391174296,1.0,52.685413031589334,105.0,0,4.0,1.0,3.0,none,1,5.268541303158933,1.0
71,1,28558,13.0,0,0,4.783107608919564,1.0,55.83614214205814,105.0,0,4.0,2.0,3.0,none,1,5.583614214205814,1.0
71,1,28583,14.0,0,0,4.99131004336753,0.36,68.88313535910808,,0,,,,none,1,6.888313535910808,0.36
72,1,28725,2.0,0,0,9.920214833489077,0.16,62.71124673873923,,0,,,,none,1,6.271124673873922,0.16
72,1,28750,3.0,0,0,8.181557048754124,0.32,63.45930955793493,108.0,0,5.0,1.0,2.0,none,1,6.345930955793493,0.32
72,1,28775,4.0,0,0,6.686378353482817,1.0,63.738215475371575,108.0,0,5.0,1.0,2.0,none,1,6.373821547537157,1.0
72,1,28800,5.0,0,0,4.4597248354300545,1.0,64.45008567329906,108.0,0,4.0,3.0,1.0,none,1,6.445008567329905,1.0
72,1,28825,6.0,0,0,4.092509917533224,0.76,61.09827450229667,,0,,,,none,1,6.109827450229667,0.76
72,1,28850,7.0,0,0,5.26177951254634,0.0,59.45139152316757,,0,,,,none,1,5.945139152316758,0.0
72,1,28875,8.0,0,0,10.90922672406,1.0,58.83192691047171,102.0,0,5.0,1.0,3.0,none,1,5.883192691047171,1.0
72,1,28900,9.0,0,0,11.207200617481066,1.0,60.08269613661706,102.0,0,5.0,3.0,1.0,none,1,6.008269613661706,1.0
72,1,28925,10.0,0,0,6.620003647768589,0.52,62.45516727687614,123.0,0,6.0,1.0,1.0,none,1,6.245516727687614,0.52
72,1,28950,11.0,0,0,4.514650763595403,1.0,62.43931999295482,123.0,0,4.0,5.0,0.0,none,1,6.243931999295482,1.0
72,1,28975,12.0,1,1,2.5278859189897203,1.0,64.14167160532155,123.0,0,3.0,4.0,2.0,1 presser,1,6.414167160532155,1.0
72,1,29000,13.0,1,1,2.568650347737018,0.28,62.01818995462514,,0,,,,1 presser,1,6.2018189954625145,0.28
72,1,29025,14.0,0,0,11.794728591116046,0.4,61.77094236787401,105.0,0,6.0,1.0,1.0,none,1,6.177094236787401,0.4
72,1,29050,15.0,0,0,10.79413198584788,1.0,64.30362339508858,105.0,0,5.0,3.0,0.0,none,1,6.430362339508858,1.0
72,1,29075,16.0,0,0,7.345062052355963,1.0,69.09097492778238,105.0,0,5.0,3.0,0.0,none,1,6.909097492778239,1.0
73,0,29157,2.0,0,0,2.422412085951134,1.0,17.466646581262722,202.0,0,3.0,3.0,3.0,none,0,1.7466646581262721,1.0
73,0,29182,3.0,1,2,0.053794223034154744,0.56,22.825947990506165,108.0,0,3.0,3.0,3.0,2+ pressers,0,2.2825947990506164,0.56
73,0,29207,4.0,1,2,0.019055581992532513,1.0,19.289344022879533,222.0,0,0.0,2.0,7.0,2+ pressers,0,1.9289344022879533,1.0
73,0,29232,5.0,1,2,3.5712318882645437,1.0,17.66190980142065,222.0,0,0.0,4.0,5.0,2+ pressers,0,1.7661909801420648,1.0
73,0,29257,6.0,0,0,2.580430681232011,1.0,18.95874087460365,222.0,0,3.0,2.0,3.0,none,0,1.8958740874603648,1.0
73,0,29282,7.0,0,0,2.6732446382824007,0.0,25.003692989055054,,1,,,,none,0,2.5003692989055053,0.0
73,0,29307,8.0,1,1,0.2632520105814259,0.0,40.57649998732259,,1,,,,1 presser,0,4.057649998732259,0.0
74,1,29360,2.0,0,0,10.039100241829557,1.0,65.83145490170656,117.0,0,6.0,2.0,1.0,none,1,6.583145490170656,1.0
77,0,31520,2.0,0,0,3.0732311348097507,0.0,18.389880088876595,,1,,,,none,0,1.8389880088876596,0.0
77,0,31545,3.0,1,1,0.9057389485918338,0.0,20.404468421968943,,1,,,,1 presser,0,2.040446842196894,0.0
78,0,31723,2.0,0,0,5.330286278401477,0.16,5.566582046188387,204.0,0,4.0,1.0,3.0,none,0,0.5566582046188386,0.16
78,0,31748,3.0,1,1,4.331249659721528,1.0,4.4573077933212915,204.0,1,5.0,0.0,3.0,1 presser,0,0.4457307793321291,1.0
78,0,31773,4.0,0,0,5.000177000242997,0.2,33.25377459321865,,1,,,,none,0,3.325377459321865,0.2
79,1,31848,2.0,0,0,8.27494268230906,0.4,64.82408362154193,,0,,,,none,1,6.482408362154193,0.4
79,1,31873,3.0,0,0,12.373834110355514,0.2,64.9191640751625,123.0,0,4.0,2.0,2.0,none,1,6.49191640751625,0.2
79,1,31898,4.0,0,0,12.398807501151014,1.0,66.15011237440152,123.0,0,5.0,1.0,2.0,none,1,6.615011237440152,1.0
81,1,32181,2.0,0,0,7.8987461806676675,0.4,61.60890259998402,106.0,0,6.0,1.0,2.0,none,1,6.160890259998402,0.4
81,1,32206,3.0,0,0,11.305600743356433,1.0,64.15691190777423,106.0,0,6.0,0.0,3.0,none,1,6.415691190777423,1.0
81,1,32231,4.0,0,0,7.712776229741042,1.0,68.63695389185216,106.0,0,4.0,3.0,2.0,none,1,6.8636953891852155,1.0
84,1,32564,2.0,1,2,0.6446721987749174,0.48,61.45486829886644,117.0,0,6.0,2.0,1.0,2+ pressers,1,6.145486829886644,0.48
84,1,32589,3.0,1,1,1.4329664981878405,1.0,62.07599274428593,117.0,0,6.0,0.0,3.0,1 presser,1,6.207599274428593,1.0
84,1,32614,4.0,1,1,0.9180514082230059,0.4,57.764513081754565,,0,,,,1 presser,1,5.7764513081754565,0.4
84,1,32639,5.0,0,0,9.84358835446164,0.56,55.017568379293394,102.0,0,3.0,5.0,1.0,none,1,5.50175683792934,0.56
84,1,32664,6.0,0,0,11.384365152675858,1.0,55.89032226953768,123.0,0,3.0,2.0,4.0,none,1,5.589032226953767,1.0
84,1,32689,7.0,0,0,9.581382979223227,1.0,55.793291372019254,123.0,0,3.0,1.0,5.0,none,1,5.579329137201926,1.0
84,1,32714,8.0,0,0,8.091137714392113,0.2,58.98072231621748,117.0,0,6.0,2.0,1.0,none,1,5.898072231621748,0.2
84,1,32739,9.0,0,0,10.260019326002782,1.0,56.56625395554779,117.0,0,4.0,4.0,1.0,none,1,5.656625395554779,1.0
84,1,32764,10.0,0,0,9.07136026151482,1.0,57.3030077438534,117.0,0,4.0,3.0,2.0,none,1,5.73030077438534,1.0
84,1,32789,11.0,0,0,7.989503120662784,1.0,58.613890241076234,117.0,0,5.0,3.0,1.0,none,1,5.861389024107623,1.0
84,1,32814,12.0,0,0,7.340884884151998,1.0,61.75134148408779,117.0,0,5.0,2.0,2.0,none,1,6.1751341484087785,1.0
84,1,32839,13.0,0,0,6.545083234984163,1.0,65.59019681846087,117.0,0,4.0,2.0,3.0,none,1,6.559019681846086,1.0
84,1,32864,14.0,1,1,4.009695238566746,1.0,68.85905472548711,117.0,0,2.0,2.0,5.0,1 presser,1,6.885905472548711,1.0
85,1,33139,2.0,0,0,4.142920499776871,0.36,67.69672907474009,,0,,,,none,1,6.769672907474009,0.36
86,0,33374,2.0,0,0,2.7706611393652527,1.0,3.022242406031168,222.0,0,5.0,2.0,2.0,none,0,0.3022242406031168,1.0
86,0,33399,3.0,1,1,2.2260232653432506,1.0,3.667331704448415,202.0,0,2.0,2.0,5.0,1 presser,0,0.3667331704448415,1.0
86,0,33424,4.0,1,1,1.5853695102846599,0.32,7.871831630187472,,0,,,,1 presser,0,0.7871831630187472,0.32
86,0,33449,5.0,0,0,5.578929315709715,0.0,19.182725533246014,,0,,,,none,0,1.9182725533246014,0.0
87,0,34143,2.0,0,0,9.09899392248691,0.64,26.62256933544043,,0,,,,none,0,2.662256933544043,0.64
88,0,34526,2.0,0,0,4.518437527954226,0.6,18.50206344797293,,0,,,,none,0,1.850206344797293,0.6
88,0,34551,3.0,0,0,2.9264362130640067,0.0,28.28828866804193,,0,,,,none,0,2.828828866804193,0.0
88,0,34576,4.0,0,0,5.431776653766459,0.52,33.365653547095604,221.0,0,2.0,2.0,3.0,none,0,3.3365653547095606,0.52
88,0,34601,5.0,1,1,2.0694390151284843,1.0,37.94022831772293,221.0,0,3.0,2.0,2.0,1 presser,0,3.794022831772293,1.0
88,0,34626,6.0,1,1,0.17356181578838062,1.0,42.68809142924115,221.0,0,4.0,0.0,3.0,1 presser,0,4.268809142924114,1.0
88,0,34651,7.0,1,1,0.1197438779144124,0.72,41.95089481473276,,0,,,,1 presser,0,4.195089481473277,0.72
89,0,34877,2.0,0,0,2.8936814775682214,0.96,46.17669666174669,,0,,,,none,0,4.617669666174669,0.96
89,0,34902,3.0,0,0,2.24616888043117,0.0,46.67086721220639,,0,,,,none,0,4.667086721220639,0.0
89,0,34927,4.0,0,0,2.0656305138673567,0.0,50.45885266030018,,0,,,,none,0,5.045885266030018,0.0
89,0,34952,5.0,1,2,2.8899960532579376,0.0,59.39225238612097,,0,,,,2+ pressers,0,5.939225238612098,0.0
89,0,34977,6.0,1,3,1.182841222719902,0.44,61.23259615064488,219.0,0,3.0,2.0,4.0,2+ pressers,0,6.123259615064488,0.44
89,0,35002,7.0,1,3,0.28129120014863784,0.32,60.379810594341244,,0,,,,2+ pressers,0,6.0379810594341246,0.32
89,0,35052,9.0,0,0,1.8171704994239422,0.0,66.20378234720576,,0,,,,none,0,6.620378234720576,0.0
90,1,35408,2.0,1,1,3.2886997987237043,1.0,9.999109619425202,111.0,0,4.0,1.0,2.0,1 presser,1,0.9999109619425202,1.0
90,1,35433,3.0,1,1,1.5945148117542336,1.0,10.3919051243709,111.0,0,4.0,1.0,1.0,1 presser,1,1.0391905124370902,1.0
90,1,35458,4.0,1,1,1.1619807520127776,0.24,21.508689803336217,,0,,,,1 presser,1,2.150868980333622,0.24
90,1,35483,5.0,0,0,4.5270088504975865,0.52,25.89143395590623,117.0,0,5.0,1.0,0.0,none,1,2.589143395590623,0.52
90,1,35508,6.0,1,1,0.9974898354970037,1.0,31.3786099840712,117.0,0,7.0,1.0,1.0,1 presser,1,3.13786099840712,1.0
90,1,35533,7.0,1,2,0.9556296291316079,1.0,32.812271749501,117.0,0,4.0,2.0,2.0,2+ pressers,1,3.2812271749501,1.0
90,1,35558,8.0,1,1,1.342993136438353,1.0,34.7834638849006,117.0,0,5.0,2.0,1.0,1 presser,1,3.47834638849006,1.0
90,1,35583,9.0,0,0,2.107422464356018,0.2,23.714676253979977,,0,,,,none,1,2.371467625397998,0.2
90,1,35608,10.0,0,0,10.768856339732208,0.08,22.391534342910372,102.0,0,5.0,1.0,2.0,none,1,2.2391534342910373,0.08
90,1,35633,11.0,0,0,11.308007347950728,1.0,25.086636781136825,102.0,0,5.0,1.0,2.0,none,1,2.5086636781136824,1.0
90,1,35658,12.0,0,0,9.183941562970864,1.0,28.82097153563608,102.0,0,6.0,0.0,2.0,none,1,2.882097153563608,1.0
90,1,35683,13.0,0,0,9.083120312399958,0.24,32.45540917335988,,0,,,,none,1,3.245540917335988,0.24
90,1,35708,14.0,0,0,15.314054938157167,0.68,36.488319085750376,105.0,0,5.0,2.0,2.0,none,1,3.648831908575038,0.68
90,1,35733,15.0,0,0,15.455112273906444,0.8,39.80625006092939,105.0,0,,,,none,1,3.9806250060929393,0.8
90,1,35758,16.0,0,0,15.68442138226681,0.96,43.64058719092606,105.0,0,5.0,2.0,2.0,none,1,4.364058719092606,0.96
90,1,35783,17.0,0,0,13.558547855570689,1.0,49.15732985276457,105.0,0,4.0,4.0,1.0,none,1,4.915732985276457,1.0
90,1,35808,18.0,0,0,13.083901297298619,1.0,52.82287659900744,105.0,0,5.0,2.0,2.0,none,1,5.282287659900744,1.0
90,1,35833,19.0,0,0,11.455173220918264,1.0,57.23215286326037,105.0,0,5.0,2.0,2.0,none,1,5.723215286326036,1.0
90,1,35858,20.0,0,0,9.546201468207345,1.0,61.61948083553022,105.0,0,5.0,0.0,4.0,none,1,6.161948083553022,1.0
91,1,36248,2.0,0,0,9.723680237077227,1.0,61.72939348554296,102.0,0,4.0,1.0,4.0,none,1,6.172939348554296,1.0
92,0,37402,2.0,0,0,8.521063392032415,1.0,4.499344779060976,2.0,0,5.0,4.0,0.0,none,0,0.44993447790609764,1.0
92,0,37427,3.0,0,0,8.76136846738232,1.0,5.456902688477413,2.0,0,5.0,1.0,2.0,none,0,0.5456902688477413,1.0
92,0,37452,4.0,0,0,10.578274969193691,1.0,5.599148054500546,215.0,0,6.0,3.0,0.0,none,0,0.5599148054500546,1.0
92,0,37477,5.0,0,0,11.777591155962991,1.0,5.227777636689993,215.0,0,7.0,1.0,1.0,none,0,0.5227777636689993,1.0
92,0,37502,6.0,0,0,14.088423825165263,0.48,3.9687005510530895,,0,,,,none,0,0.3968700551053089,0.48
93,0,37678,2.0,1,1,4.3321751747517885,0.2,13.119331079853183,,0,,,,1 presser,0,1.3119331079853183,0.2
93,0,37703,3.0,1,1,4.458696713838908,0.0,15.386244212820657,,0,,,,1 presser,0,1.5386244212820657,0.0
93,0,37728,4.0,1,1,2.18962311881137,0.48,15.807642352052795,221.0,0,4.0,1.0,1.0,1 presser,0,1.5807642352052795,0.48
93,0,37753,5.0,1,1,2.106314438596194,0.52,7.903701967870319,,0,,,,1 presser,0,0.7903701967870319,0.52
93,0,37778,6.0,0,0,5.384592564798418,0.0,5.912504593419882,,0,,,,none,0,0.5912504593419883,0.0
93,0,37803,7.0,1,1,1.7281767783656907,0.96,5.591884372950972,215.0,0,3.0,1.0,2.0,1 presser,0,0.5591884372950972,0.96
93,0,37828,8.0,1,1,1.7041757142059557,0.2,11.028851080051666,221.0,0,2.0,4.0,0.0,1 presser,0,1.1028851080051667,0.2
93,0,37853,9.0,0,0,7.9532360292658115,1.0,13.595107658759432,221.0,0,3.0,0.0,3.0,none,0,1.359510765875943,1.0
93,0,37878,10.0,0,0,6.875220499751411,1.0,15.036311080683362,221.0,0,1.0,5.0,1.0,none,0,1.5036311080683362,1.0
93,0,37903,11.0,1,1,4.622638184215023,1.0,30.48516399321278,208.0,0,2.0,3.0,2.0,1 presser,0,3.048516399321278,1.0
93,0,37928,12.0,1,2,1.829550473366846,1.0,33.6633052870386,208.0,0,5.0,2.0,2.0,2+ pressers,0,3.36633052870386,1.0
93,0,37953,13.0,1,1,3.005981740577326,0.2,35.12189431940452,208.0,0,3.0,5.0,1.0,1 presser,0,3.5121894319404516,0.2
93,0,37978,14.0,1,1,1.262363157326102,0.52,38.732652308073426,,0,,,,1 presser,0,3.8732652308073425,0.52
93,0,38003,15.0,0,0,5.789779569080796,0.2,41.77517909158897,207.0,0,3.0,2.0,4.0,none,0,4.1775179091588965,0.2
93,0,38028,16.0,0,0,6.297616647493064,0.64,56.332723693875266,,0,,,,none,0,5.633272369387527,0.64
93,0,38053,17.0,0,0,6.779901768612198,0.2,63.84950759638705,222.0,0,4.0,1.0,1.0,none,0,6.384950759638705,0.2
93,0,38078,18.0,0,0,9.045339471825564,1.0,68.34382314615306,222.0,0,4.0,2.0,0.0,none,0,6.834382314615306,1.0
93,0,38103,19.0,0,0,4.3468602208260085,0.2608695652173913,71.81303581680933,,0,,,,none,0,7.181303581680933,0.2608695652173913
94,1,38525,2.0,0,0,0.6774839378233947,0.48,8.836006171126964,,0,,,,none,1,0.8836006171126964,0.48
94,1,38550,3.0,1,1,0.4456818248726869,0.16,4.088797247493195,207.0,0,3.0,4.0,1.0,1 presser,1,0.40887972474931955,0.16
94,1,38575,4.0,1,1,0.003451927203732134,1.0,-2.5738455480906866,105.0,0,8.0,0.0,0.0,1 presser,1,-0.25738455480906863,1.0
94,1,38600,5.0,0,0,18.27284841877726,0.16,-4.870917598136701,,0,,,,none,1,-0.48709175981367014,0.16
95,1,39721,2.0,1,1,2.1260711586487933,0.04,18.66604534349109,,0,,,,1 presser,1,1.866604534349109,0.04
95,1,39746,3.0,1,1,3.1319901070196376,0.0,36.2071601931997,,1,,,,1 presser,1,3.62071601931997,0.0
95,1,39771,4.0,1,2,1.6574567245755514,0.0,43.72233040032928,,1,,,,2+ pressers,1,4.372233040032928,0.0
96,0,39839,2.0,1,3,1.9129980570752116,0.24,67.1193040675365,,1,,,,2+ pressers,0,6.71193040675365,0.24
97,1,39894,2.0,1,3,0.09614308124595942,0.92,44.33228201432657,123.0,1,5.0,1.0,3.0,2+ pressers,1,4.433228201432657,0.92
98,0,39947,2.0,1,1,1.9648547117446293,0.4,46.1360740483778,214.0,0,5.0,2.0,2.0,1 presser,0,4.61360740483778,0.4
98,0,39972,3.0,0,0,8.821372411990362,1.0,46.32297570110739,214.0,0,5.0,2.0,2.0,none,0,4.6322975701107385,1.0
98,0,39997,4.0,0,0,7.961120166837433,1.0,47.15978286316327,214.0,0,4.0,1.0,3.0,none,0,4.715978286316327,1.0
98,0,40022,5.0,0,0,7.599944139051338,0.88,44.93175374865534,,0,,,,none,0,4.493175374865534,0.88
99,1,40250,2.0,0,0,8.061587163183086,0.04,38.27955001984865,102.0,0,6.0,1.0,1.0,none,1,3.827955001984865,0.04
99,1,40275,3.0,0,0,11.760834278813727,0.84,35.659499010561895,102.0,0,5.0,2.0,1.0,none,1,3.5659499010561895,0.84
99,1,40300,4.0,0,0,14.953136953803327,1.0,36.36061538127207,102.0,0,6.0,1.0,1.0,none,1,3.636061538127207,1.0
99,1,40325,5.0,0,0,10.523466318133822,0.12,43.735044151366274,,0,,,,none,1,4.373504415136628,0.12
99,1,40350,6.0,0,0,15.091480841516901,0.08,45.36423408171573,105.0,0,6.0,0.0,3.0,none,1,4.536423408171573,0.08
99,1,40375,7.0,0,0,18.50086991843359,1.0,47.604961341911405,105.0,0,6.0,2.0,1.0,none,1,4.760496134191141,1.0
99,1,40400,8.0,0,0,16.668609735216485,1.0,51.77270955972754,105.0,0,7.0,1.0,1.0,none,1,5.177270955972753,1.0
99,1,40425,9.0,0,0,13.247011533786534,1.0,56.95564591912418,105.0,0,6.0,1.0,2.0,none,1,5.695564591912418,1.0
99,1,40450,10.0,0,0,9.05071197450425,1.0,61.82833677349687,105.0,0,5.0,2.0,2.0,none,1,6.182833677349687,1.0
99,1,40475,11.0,0,0,6.860435809760165,1.0,64.9889094212674,105.0,0,5.0,1.0,3.0,none,1,6.49889094212674,1.0
100,1,40654,2.0,0,0,10.866589384179756,1.0,60.793748531030516,102.0,0,4.0,2.0,3.0,none,1,6.079374853103052,1.0
100,1,40679,3.0,0,0,10.241816266311055,1.0,63.44044056249962,102.0,0,5.0,0.0,4.0,none,1,6.344044056249961,1.0
100,1,40704,4.0,0,0,7.870499718757348,1.0,68.42621527184994,102.0,0,5.0,1.0,3.0,none,1,6.842621527184994,1.0
101,1,41069,2.0,0,0,10.382436370948925,1.0,59.97469898037161,105.0,0,3.0,3.0,2.0,none,1,5.997469898037162,1.0
101,1,41094,3.0,0,0,7.268812144604555,1.0,63.38649510559243,105.0,0,3.0,4.0,2.0,none,1,6.338649510559243,1.0
101,1,41119,4.0,0,0,5.683136277827792,1.0,66.22595638106216,105.0,0,3.0,3.0,3.0,none,1,6.622595638106216,1.0
101,1,41144,5.0,0,0,4.5224655271956085,1.0,69.01645740429025,105.0,0,3.0,2.0,3.0,none,1,6.901645740429025,1.0
102,1,41340,2.0,0,0,14.059713940719483,1.0,57.14093938796409,102.0,0,6.0,1.0,2.0,none,1,5.714093938796409,1.0
102,1,41365,3.0,0,0,11.483903400476882,0.16,69.15671343436682,,0,,,,none,1,6.915671343436682,0.16
103,0,41643,2.0,0,0,0.843481934445842,1.0,11.160507024306781,221.0,0,5.0,2.0,1.0,none,0,1.116050702430678,1.0
103,0,41668,3.0,1,1,0.7328654574626356,1.0,15.487424961614451,221.0,0,2.0,3.0,2.0,1 presser,0,1.548742496161445,1.0
103,0,41693,4.0,0,0,2.240644650677836,0.36,5.410439942544144,,0,,,,none,0,0.5410439942544144,0.36
103,0,41718,5.0,1,1,2.5614408024606163,1.0,4.873671702849265,204.0,0,4.0,1.0,3.0,1 presser,0,0.4873671702849265,1.0
103,0,41743,6.0,1,1,1.5300436938112119,0.52,-0.34025837469415876,,0,,,,1 presser,0,-0.03402583746941588,0.52
106,0,42438,2.0,0,0,10.95627182750545,1.0,16.126839004196228,215.0,0,2.0,2.0,3.0,none,0,1.6126839004196227,1.0
106,0,42463,3.0,0,0,1.5862327624631607,0.12,19.403379908258984,,0,,,,none,0,1.9403379908258984,0.12
106,0,42488,4.0,1,2,0.030910863260090505,0.48,18.696886484995048,109.0,0,4.0,3.0,1.0,2+ pressers,0,1.8696886484995048,0.48
106,0,42513,5.0,1,1,0.32482413665431853,0.12,16.538655741231167,215.0,0,4.0,3.0,2.0,1 presser,0,1.6538655741231167,0.12
106,0,42538,6.0,0,0,12.253042961560453,1.0,19.439188585970257,215.0,0,3.0,3.0,2.0,none,0,1.9439188585970257,1.0
106,0,42563,7.0,0,0,12.295521944556112,1.0,23.722445988154675,215.0,0,4.0,3.0,1.0,none,0,2.3722445988154677,1.0
106,0,42588,8.0,0,0,10.611882390633271,1.0,27.54542904300267,215.0,1,4.0,3.0,1.0,none,0,2.754542904300267,1.0
106,0,42613,9.0,1,1,2.991315287180779,0.08,38.827996497951375,,1,,,,1 presser,0,3.8827996497951376,0.08
107,1,42682,2.0,1,1,0.9157512474059628,1.0,68.43729843459784,123.0,0,6.0,0.0,1.0,1 presser,1,6.8437298434597835,1.0
107,1,42707,3.0,1,1,1.0153558563188483,0.15,67.83509758320524,,0,,,,1 presser,1,6.783509758320524,0.15
108,0,42884,2.0,0,0,11.214004151345874,0.0,40.04856040621728,,0,,,,none,0,4.0048560406217275,0.0
108,0,42909,3.0,0,0,6.9309805841314205,0.0,41.23300168694109,,0,,,,none,0,4.123300168694109,0.0
108,0,42934,4.0,0,0,6.814258347351869,0.72,42.36265852067835,221.0,0,3.0,1.0,4.0,none,0,4.236265852067835,0.72
108,0,42959,5.0,0,0,6.260534745613045,0.88,42.979256787577384,,0,,,,none,0,4.297925678757738,0.88
109,0,43203,2.0,1,2,0.596891974055332,0.56,58.04711569622141,,0,,,,2+ pressers,0,5.804711569622141,0.56
110,1,43424,2.0,0,0,6.6290831321427195,0.04,43.00669766895733,,0,,,,none,1,4.300669766895733,0.04
110,1,43449,3.0,0,0,12.256847957587496,0.64,42.57312785328698,102.0,0,4.0,0.0,4.0,none,1,4.257312785328698,0.64
110,1,43474,4.0,0,0,11.988171945792823,1.0,42.66906121171728,102.0,0,4.0,3.0,2.0,none,1,4.266906121171727,1.0
110,1,43499,5.0,0,0,7.431484508987528,0.12,47.9341013379278,,0,,,,none,1,4.79341013379278,0.12
110,1,43524,6.0,0,0,14.046033711476234,0.56,50.39629805060271,105.0,0,6.0,2.0,1.0,none,1,5.039629805060271,0.56
110,1,43549,7.0,0,0,10.205348429231979,1.0,54.37772845110432,105.0,0,5.0,3.0,1.0,none,1,5.437772845110432,1.0
110,1,43574,8.0,0,0,6.6292201197981635,1.0,58.0275502238242,105.0,0,6.0,1.0,2.0,none,1,5.80275502238242,1.0
110,1,43599,9.0,0,0,3.8654214139082,1.0,60.78354783491673,105.0,0,2.0,5.0,2.0,none,1,6.078354783491673,1.0
110,1,43624,10.0,0,0,2.785276114346151,1.0,61.610699838136085,105.0,0,4.0,2.0,3.0,none,1,6.161069983813609,1.0
111,0,43949,2.0,0,0,3.999575224450333,1.0,18.37666267448347,219.0,0,4.0,3.0,0.0,none,0,1.837666267448347,1.0
111,0,43974,3.0,0,0,5.096890881581282,1.0,17.30835176125524,219.0,0,5.0,0.0,2.0,none,0,1.7308351761255238,1.0
111,0,43999,4.0,0,0,1.6767468253713103,0.08,6.901781630344601,,1,,,,none,0,0.6901781630344601,0.08
111,0,44024,5.0,0,0,1.466089642569928,0.0,15.280230550018445,,1,,,,none,0,1.5280230550018445,0.0
112,0,44367,2.0,0,0,29.77871551466505,1.0,6.210504171731301,208.0,0,9.0,0.0,0.0,none,0,0.6210504171731301,1.0
112,0,44392,3.0,0,0,28.242257358897323,1.0,8.198714160696596,208.0,0,9.0,0.0,0.0,none,0,0.8198714160696596,1.0
112,0,44417,4.0,0,0,28.490970258284744,1.0,17.548917721479114,207.0,0,9.0,0.0,0.0,none,0,1.7548917721479114,1.0
112,0,44442,5.0,0,0,27.072275988964464,1.0,19.003459761470367,207.0,0,9.0,0.0,0.0,none,0,1.9003459761470367,1.0
112,0,44467,6.0,0,0,20.898112662154112,1.0,22.082025399018875,207.0,0,9.0,0.0,0.0,none,0,2.2082025399018876,1.0
112,0,44492,7.0,0,0,26.238333631355435,1.0,26.145931146083498,207.0,0,9.0,0.0,0.0,none,0,2.6145931146083496,1.0
112,0,44517,8.0,0,0,23.713389540834942,1.0,29.85656250995889,207.0,0,9.0,0.0,0.0,none,0,2.985656250995889,1.0
112,0,44542,9.0,0,0,23.974959319427462,1.0,33.97451618612486,207.0,0,9.0,0.0,0.0,none,0,3.397451618612486,1.0
112,0,44567,10.0,0,0,25.143754724207316,1.0,36.836201718914836,207.0,0,9.0,0.0,0.0,none,0,3.6836201718914836,1.0
112,0,44592,11.0,0,0,26.47968909676516,1.0,38.451212956354965,207.0,0,9.0,0.0,0.0,none,0,3.8451212956354963,1.0
112,0,44617,12.0,0,0,27.790187520551747,1.0,39.597688563775705,207.0,0,9.0,0.0,0.0,none,0,3.9597688563775706,1.0
112,0,44642,13.0,0,0,28.87945022536893,1.0,41.810466552947595,207.0,0,9.0,0.0,0.0,none,0,4.181046655294759,1.0
112,0,44667,14.0,0,0,30.80849675691502,1.0,43.16875755647939,207.0,0,9.0,0.0,0.0,none,0,4.316875755647939,1.0
112,0,44692,15.0,0,0,31.70285647992312,1.0,45.13964226640448,207.0,0,9.0,0.0,0.0,none,0,4.513964226640448,1.0
112,0,44717,16.0,0,0,31.885128283088452,1.0,46.56278422606836,207.0,0,9.0,0.0,0.0,none,0,4.656278422606836,1.0
112,0,44742,17.0,0,0,31.773697873352386,1.0,48.39753946335427,207.0,0,9.0,0.0,0.0,none,0,4.839753946335427,1.0
112,0,44767,18.0,0,0,33.5330827900216,1.0,50.17697278714108,207.0,0,9.0,0.0,0.0,none,0,5.017697278714108,1.0
112,0,44792,19.0,0,0,33.52790748231954,1.0,51.503067052169676,207.0,0,9.0,0.0,0.0,none,0,5.150306705216968,1.0
112,0,44817,20.0,0,0,33.737406631695976,1.0,53.23079811220665,207.0,0,9.0,0.0,0.0,none,0,5.323079811220665,1.0
112,0,44842,21.0,0,0,33.149137124479125,1.0,53.93518620382085,207.0,0,9.0,0.0,0.0,none,0,5.393518620382085,1.0
112,0,44867,22.0,0,0,33.11548631015123,1.0,53.4167063163987,207.0,0,9.0,0.0,0.0,none,0,5.34167063163987,1.0
112,0,44892,23.0,0,0,32.985014766812235,1.0,53.07382951749773,207.0,0,9.0,0.0,0.0,none,0,5.307382951749773,1.0
112,0,44917,24.0,0,0,33.121234688825105,1.0,53.05533709225939,207.0,0,9.0,0.0,0.0,none,0,5.305533709225939,1.0
112,0,44942,25.0,0,0,14.567204039550349,0.64,32.15545873990361,,0,,,,none,0,3.2155458739903606,0.64
112,0,44967,26.0,0,0,20.40289961593882,0.36,21.760151754170067,2.0,0,9.0,0.0,0.0,none,0,2.1760151754170067,0.36
112,0,44992,27.0,0,0,4.553908634277471,0.56,39.161163340630694,,0,,,,none,0,3.9161163340630694,0.56
113,1,45466,2.0,1,1,4.88488808733324,0.0,52.482442952235544,,1,,,,1 presser,1,5.248244295223555,0.0
113,1,45491,3.0,1,1,3.3755071954052283,0.0,52.41544933138224,,1,,,,1 presser,1,5.241544933138224,0.0
114,0,45568,2.0,1,1,3.0407470717890055,0.05555555555555555,52.21308212918713,,0,,,,1 presser,0,5.2213082129187125,0.05555555555555555
114,0,45593,3.0,1,1,1.5970671667624055,0.0,52.580841104922214,,0,,,,1 presser,0,5.258084110492222,0.0
114,0,45618,4.0,1,1,1.4069085292811783,0.0,52.56442463039698,,0,,,,1 presser,0,5.256442463039698,0.0
114,0,45643,5.0,0,0,2.138878215273144,0.0,52.55955857411821,,0,,,,none,0,5.255955857411822,0.0
114,0,45668,6.0,0,0,3.24236383034659,1.0,53.22038709200331,207.0,0,7.0,1.0,1.0,none,0,5.3220387092003305,1.0
114,0,45693,7.0,0,0,4.299527371903891,1.0,53.129279601268124,207.0,0,7.0,1.0,1.0,none,0,5.312927960126812,1.0
114,0,45718,8.0,0,0,5.522146719661378,1.0,52.78585446408841,207.0,0,8.0,0.0,1.0,none,0,5.278585446408841,1.0
114,0,45743,9.0,0,0,6.349023908188889,1.0,52.84300572499791,207.0,0,8.0,0.0,1.0,none,0,5.284300572499791,1.0
114,0,45768,10.0,0,0,6.613210055146124,1.0,53.03203081251009,207.0,0,8.0,1.0,0.0,none,0,5.3032030812510085,1.0
114,0,45793,11.0,0,0,6.97768423403643,1.0,52.88329942965548,207.0,0,8.0,1.0,0.0,none,0,5.288329942965548,1.0
114,0,45818,12.0,0,0,7.779892731430854,1.0,52.846674165525485,207.0,0,8.0,1.0,0.0,none,0,5.284667416552549,1.0
114,0,45843,13.0,0,0,7.438981776195791,0.56,44.20717100296239,,0,,,,none,0,4.420717100296239,0.56
114,0,45868,14.0,0,0,6.626789600551744,0.76,41.864798014536134,208.0,0,5.0,3.0,1.0,none,0,4.186479801453613,0.76
114,0,45893,15.0,1,1,1.9864462325196395,1.0,42.28359467833174,208.0,0,5.0,2.0,2.0,1 presser,0,4.228359467833174,1.0
114,0,45918,16.0,1,1,0.7083381349066004,0.28,33.53065504974411,,0,,,,1 presser,0,3.353065504974411,0.28
114,0,45943,17.0,1,1,3.0417612162151535,0.72,30.725895808293046,215.0,0,4.0,1.0,4.0,1 presser,0,3.0725895808293044,0.72
114,0,45968,18.0,1,1,3.985080288534244,0.0,37.49116226825738,,0,,,,1 presser,0,3.7491162268257385,0.0
114,0,45993,19.0,1,1,3.875381201945345,0.28,26.011870911071114,215.0,0,5.0,2.0,1.0,1 presser,0,2.6011870911071115,0.28
114,0,46018,20.0,1,2,1.9928608799548249,0.4,34.729096312622715,221.0,0,3.0,3.0,1.0,2+ pressers,0,3.4729096312622714,0.4
114,0,46043,21.0,1,1,1.2778334501466393,1.0,31.651770442793477,221.0,1,3.0,4.0,2.0,1 presser,0,3.1651770442793477,1.0
114,0,46068,22.0,1,2,0.767345484368582,1.0,31.928408118116607,221.0,1,4.0,2.0,3.0,2+ pressers,0,3.192840811811661,1.0
115,0,46162,2.0,0,0,5.677302327958344,1.0,39.777772507745155,205.0,0,5.0,1.0,3.0,none,0,3.9777772507745155,1.0
115,0,46187,3.0,0,0,2.0652184436774066,0.52,48.15273362126819,,0,,,,none,0,4.815273362126819,0.52
116,1,46276,2.0,0,0,5.312617017264058,0.2608695652173913,18.77347694156027,,0,,,,none,1,1.8773476941560268,0.2608695652173913
116,1,46301,3.0,1,1,1.705963254701639,0.0,17.404006901649073,,0,,,,1 presser,1,1.7404006901649072,0.0
116,1,46326,4.0,0,0,2.315894984548033,0.48,18.608259552286555,103.0,0,2.0,4.0,1.0,none,1,1.8608259552286555,0.48
116,1,46351,5.0,0,0,3.095393629034499,1.0,20.02412065981713,103.0,0,5.0,0.0,1.0,none,1,2.002412065981713,1.0
118,1,48042,2.0,0,0,11.128564990269897,1.0,15.52522248932814,1.0,0,7.0,2.0,0.0,none,1,1.552522248932814,1.0
118,1,48067,3.0,0,0,12.52552782540953,1.0,15.4138101542191,1.0,0,8.0,1.0,0.0,none,1,1.5413810154219099,1.0
118,1,48092,4.0,0,0,12.402100710456496,1.0,16.332963610028933,1.0,0,8.0,1.0,0.0,none,1,1.6332963610028934,1.0
118,1,48117,5.0,0,0,12.553066974304631,1.0,16.613620384589826,1.0,0,8.0,1.0,0.0,none,1,1.6613620384589827,1.0
118,1,48142,6.0,0,0,15.732889021151669,0.32,18.047505616586022,102.0,0,6.0,1.0,1.0,none,1,1.8047505616586021,0.32
118,1,48167,7.0,0,0,14.744109114062665,1.0,18.959832993976498,102.0,0,6.0,1.0,1.0,none,1,1.8959832993976498,1.0
118,1,48192,8.0,0,0,12.237672486406472,1.0,21.0752791958256,102.0,0,6.0,2.0,0.0,none,1,2.10752791958256,1.0
118,1,48217,9.0,0,0,10.120061122548128,1.0,22.890967807014015,102.0,0,6.0,2.0,0.0,none,1,2.2890967807014015,1.0
118,1,48242,10.0,0,0,8.528958190027788,1.0,24.76820193470782,102.0,0,7.0,0.0,1.0,none,1,2.476820193470782,1.0
118,1,48267,11.0,0,0,7.583840257471443,1.0,25.814719638068716,102.0,0,5.0,2.0,1.0,none,1,2.5814719638068717,1.0
118,1,48292,12.0,0,0,6.706435458556698,1.0,26.19910070334845,102.0,0,5.0,2.0,1.0,none,1,2.619910070334845,1.0
118,1,48317,13.0,0,0,6.59621093353256,1.0,26.200616778749485,102.0,0,5.0,2.0,1.0,none,1,2.6200616778749484,1.0
118,1,48342,14.0,0,0,5.37490281208954,1.0,25.301775160925168,102.0,0,2.0,4.0,2.0,none,1,2.530177516092517,1.0
118,1,48367,15.0,1,1,4.418749379026988,0.8,24.552555134730053,,0,,,,1 presser,1,2.455255513473005,0.8
118,1,48392,16.0,0,0,5.117633967356554,0.52,24.359495340805303,123.0,0,2.0,3.0,2.0,none,1,2.4359495340805304,0.52
118,1,48417,17.0,1,1,3.580858288680123,1.0,23.365272637569614,123.0,0,2.0,3.0,2.0,1 presser,1,2.3365272637569614,1.0
118,1,48442,18.0,0,0,3.9395531992603647,1.0,14.506482284385886,102.0,0,4.0,1.0,2.0,none,1,1.4506482284385886,1.0
118,1,48467,19.0,1,1,4.490890906470949,1.0,11.158929671440958,102.0,0,2.0,2.0,3.0,1 presser,1,1.1158929671440958,1.0
118,1,48492,20.0,0,0,5.387156898843352,0.56,31.7116335205896,,0,,,,none,1,3.17116335205896,0.56
119,1,48706,2.0,1,3,0.38493299796220914,1.0,62.35131612746606,106.0,0,3.0,2.0,4.0,2+ pressers,1,6.235131612746606,1.0
119,1,48731,3.0,1,2,0.6629218667475595,1.0,56.33751979018719,108.0,0,5.0,3.0,1.0,2+ pressers,1,5.633751979018719,1.0
119,1,48756,4.0,0,0,6.172754686111111,0.72,62.4061544091514,,0,,,,none,1,6.24061544091514,0.72
119,1,48781,5.0,1,1,4.099404309802146,0.0,59.999411801790856,,0,,,,1 presser,1,5.999941180179086,0.0
119,1,48806,6.0,0,0,7.205686838246993,0.04,54.605376725986176,108.0,0,5.0,2.0,2.0,none,1,5.460537672598617,0.04
119,1,48831,7.0,0,0,5.273569233956816,1.0,53.63907373423915,108.0,0,6.0,1.0,2.0,none,1,5.363907373423915,1.0
119,1,48856,8.0,0,0,4.539907545145649,1.0,53.683107967421336,108.0,0,4.0,0.0,4.0,none,1,5.368310796742134,1.0
119,1,48881,9.0,0,0,4.433776543059989,0.32,45.315124085700646,,0,,,,none,1,4.531512408570064,0.32
119,1,48906,10.0,1,1,4.88992674432981,0.36,43.09873780114958,102.0,0,2.0,2.0,4.0,1 presser,1,4.309873780114958,0.36
119,1,48931,11.0,1,1,2.821770145449656,0.8,42.616751148211925,102.0,0,,,,1 presser,1,4.261675114821193,0.8
119,1,48956,12.0,1,1,3.5289338550168448,0.2,43.90628806522075,,0,,,,1 presser,1,4.390628806522075,0.2
119,1,48981,13.0,1,1,2.2161246544841116,0.84,42.65798263727659,123.0,0,3.0,2.0,1.0,1 presser,1,4.265798263727659,0.84
119,1,49006,14.0,1,1,1.227176410702555,1.0,49.43796952787828,117.0,0,5.0,2.0,1.0,1 presser,1,4.943796952787828,1.0
119,1,49031,15.0,0,0,8.04299474206083,1.0,48.452181818324235,117.0,0,2.0,2.0,3.0,none,1,4.845218181832424,1.0
119,1,49056,16.0,0,0,5.83988946639128,1.0,48.732919555166255,117.0,0,4.0,2.0,2.0,none,1,4.873291955516626,1.0
119,1,49081,17.0,1,1,3.9102263682151253,0.76,50.29142641306587,,0,,,,1 presser,1,5.029142641306587,0.76
119,1,49106,18.0,0,0,8.629072447632216,0.04,50.61005398943723,108.0,0,5.0,2.0,2.0,none,1,5.061005398943723,0.04
119,1,49131,19.0,0,0,10.370635337056942,1.0,52.969996659072294,108.0,0,4.0,1.0,4.0,none,1,5.296999665907229,1.0
119,1,49156,20.0,0,0,8.391353088276617,0.96,60.006303031941776,,0,,,,none,1,6.0006303031941775,0.96
119,1,49181,21.0,0,0,7.383343022175806,0.0,69.05128808618271,,0,,,,none,1,6.9051288086182705,0.0
120,1,49385,2.0,1,1,1.0036319855754432,0.68,53.51703317367351,,0,,,,1 presser,1,5.351703317367351,0.68
120,1,49410,3.0,0,0,4.9840425409845865,0.56,51.235897046424995,102.0,0,2.0,3.0,4.0,none,1,5.1235897046425,0.56
121,1,49559,2.0,0,0,4.965862616177871,0.28,47.23808706537773,,0,,,,none,1,4.723808706537772,0.28
121,1,49584,3.0,0,0,7.902653609899968,0.48,44.43237657702622,117.0,0,5.0,1.0,2.0,none,1,4.443237657702622,0.48
121,1,49609,4.0,0,0,8.17398650477099,0.24,31.58666603500551,,0,,,,none,1,3.158666603500551,0.24
121,1,49634,5.0,0,0,18.781920441570733,0.0,24.173852736986206,,0,,,,none,1,2.4173852736986206,0.0
121,1,49659,6.0,0,0,23.975952917348227,0.2,22.49028690489307,1.0,0,8.0,0.0,1.0,none,1,2.2490286904893066,0.2
121,1,49684,7.0,0,0,21.44968617470434,1.0,26.566609940606753,1.0,0,7.0,1.0,0.0,none,1,2.656660994060675,1.0
121,1,49709,8.0,0,0,10.514237159762219,0.44,37.16676689738089,,0,,,,none,1,3.716676689738089,0.44
121,1,49734,9.0,0,0,8.62049971588591,0.56,39.28023243617356,117.0,0,4.0,1.0,1.0,none,1,3.928023243617356,0.56
121,1,49759,10.0,0,0,7.119102916451246,1.0,41.178197838487726,117.0,0,3.0,3.0,1.0,none,1,4.1178197838487725,1.0
121,1,49784,11.0,0,0,6.903470612517287,1.0,41.24475148341051,117.0,0,3.0,2.0,1.0,none,1,4.124475148341051,1.0
121,1,49809,12.0,0,0,7.129128303954268,1.0,42.79161888069219,117.0,0,4.0,0.0,2.0,none,1,4.279161888069219,1.0
121,1,49834,13.0,0,0,7.467582897220845,0.56,40.638946382038085,102.0,0,5.0,2.0,1.0,none,1,4.063894638203808,0.56
121,1,49859,14.0,0,0,6.444821127450729,1.0,40.32332304307643,102.0,0,4.0,1.0,1.0,none,1,4.0323323043076424,1.0
121,1,49884,15.0,1,1,3.6464483429466514,1.0,39.41482406118267,102.0,0,2.0,2.0,2.0,1 presser,1,3.941482406118267,1.0
121,1,49909,16.0,1,1,3.8483445676041086,0.2,35.26663616153754,,0,,,,1 presser,1,3.526663616153754,0.2
121,1,49934,17.0,0,0,6.386727607764224,0.88,35.912990081004715,105.0,0,4.0,0.0,2.0,none,1,3.5912990081004716,0.88
121,1,49959,18.0,1,1,2.247752494399095,1.0,36.84524948724789,105.0,0,4.0,0.0,3.0,1 presser,1,3.684524948724789,1.0
121,1,49984,19.0,1,1,0.7538393409339113,0.8,40.47292502294967,,0,,,,1 presser,1,4.047292502294967,0.8
121,1,50009,20.0,1,1,4.09030911639129,0.64,39.910972835300804,103.0,0,2.0,2.0,2.0,1 presser,1,3.99109728353008,0.64
121,1,50034,21.0,1,1,2.2733368266148526,1.0,40.32960378651309,103.0,0,2.0,1.0,3.0,1 presser,1,4.032960378651309,1.0
121,1,50059,22.0,1,1,2.1200572039041763,0.4,48.586448349319284,116.0,0,3.0,0.0,3.0,1 presser,1,4.858644834931928,0.4
121,1,50084,23.0,1,2,1.285286678531318,1.0,46.956306235217966,116.0,0,2.0,3.0,1.0,2+ pressers,1,4.695630623521796,1.0
121,1,50109,24.0,1,1,1.0031789503162667,1.0,37.722334810626094,103.0,0,3.0,1.0,2.0,1 presser,1,3.7722334810626093,1.0
121,1,50134,25.0,1,1,1.3260297576810327,1.0,37.648768836246056,108.0,0,2.0,1.0,5.0,1 presser,1,3.7648768836246056,1.0
121,1,50159,26.0,1,2,0.1726128265409653,0.8,33.5901774782124,108.0,0,5.0,0.0,2.0,2+ pressers,1,3.3590177478212397,0.8
121,1,50184,27.0,0,0,1.9817392377790175,0.08,27.86752732698406,,0,,,,none,1,2.786752732698406,0.08
121,1,50209,28.0,0,0,6.282720494810746,0.76,27.735049916869915,102.0,0,4.0,1.0,3.0,none,1,2.7735049916869916,0.76
121,1,50234,29.0,0,0,6.543278756924795,0.64,35.11408882256937,,0,,,,none,1,3.511408882256937,0.64
121,1,50259,30.0,0,0,10.034794244093833,0.16,38.953243104450195,123.0,0,1.0,2.0,4.0,none,1,3.8953243104450195,0.16
121,1,50284,31.0,0,0,5.085936785080485,1.0,39.90748715345133,123.0,0,0.0,2.0,4.0,none,1,3.990748715345133,1.0
121,1,50309,32.0,1,1,0.7958919468861645,0.56,53.00252791463828,,0,,,,1 presser,1,5.300252791463828,0.56
122,1,50564,2.0,0,0,8.178403907184395,0.0,36.09829445305449,,0,,,,none,1,3.6098294453054494,0.0
122,1,50589,3.0,0,0,12.31437239270165,0.96,36.536928759310456,102.0,0,5.0,2.0,0.0,none,1,3.6536928759310454,0.96
122,1,50614,4.0,0,0,11.011605268646505,0.84,35.93509495341705,102.0,0,4.0,2.0,0.0,none,1,3.593509495341705,0.84
122,1,50639,5.0,0,0,6.337152797950905,0.92,39.921500000781094,,0,,,,none,1,3.9921500000781096,0.92
122,1,50664,6.0,1,2,2.0325104032128993,0.44,36.61591482181921,,0,,,,2+ pressers,1,3.661591482181921,0.44
122,1,50689,7.0,0,0,5.231966031648092,0.56,36.92274679615237,102.0,0,3.0,2.0,2.0,none,1,3.692274679615237,0.56
122,1,50714,8.0,1,1,3.3773118117492347,0.8,35.53105714882459,102.0,0,2.0,1.0,4.0,1 presser,1,3.5531057148824585,0.8
122,1,50739,9.0,0,0,3.521594559212753,0.12,26.897945362236147,,0,,,,none,1,2.689794536223615,0.12
122,1,50764,10.0,0,0,14.066589047526834,0.2,27.145650905972474,1.0,0,,,,none,1,2.7145650905972474,0.2
122,1,50789,11.0,0,0,12.994887891717351,0.6,27.725877295815227,1.0,0,,,,none,1,2.772587729581523,0.6
122,1,50814,12.0,0,0,8.041411101108903,0.12,34.95996346304384,,0,,,,none,1,3.495996346304384,0.12
122,1,50839,13.0,0,0,6.894665634220092,0.64,37.20736186598853,105.0,0,4.0,3.0,1.0,none,1,3.7207361865988533,0.64
122,1,50864,14.0,1,1,3.310779111379956,0.56,38.96565411974512,105.0,0,3.0,3.0,2.0,1 presser,1,3.8965654119745117,0.56
122,1,50889,15.0,1,1,1.6172170067608307,0.2,48.22458492471563,,0,,,,1 presser,1,4.822458492471563,0.2
122,1,50914,16.0,1,1,2.538597579489989,0.0,38.57856094396759,,0,,,,1 presser,1,3.857856094396759,0.0
122,1,50939,17.0,0,0,12.191946306759224,0.2,37.51115140047951,102.0,0,6.0,1.0,2.0,none,1,3.7511151400479514,0.2
122,1,50964,18.0,0,0,11.576487365580892,1.0,39.80553518086336,102.0,0,6.0,1.0,2.0,none,1,3.980553518086336,1.0
122,1,50989,19.0,0,0,6.73237204620542,1.0,43.17753140465098,102.0,0,5.0,2.0,2.0,none,1,4.317753140465098,1.0
122,1,51014,20.0,1,1,2.97851173936082,1.0,45.332816890903416,102.0,0,3.0,3.0,3.0,1 presser,1,4.533281689090342,1.0
122,1,51039,21.0,1,1,2.626584475496768,0.4,48.03630941634887,,0,,,,1 presser,1,4.8036309416348875,0.4
122,1,51064,22.0,0,0,7.244981313702274,0.0,49.030280887444306,,0,,,,none,1,4.90302808874443,0.0
122,1,51089,23.0,0,0,6.893229208700904,0.92,50.017569490801904,123.0,0,5.0,2.0,1.0,none,1,5.001756949080191,0.92
122,1,51114,24.0,0,0,4.912429605307373,0.6,63.774938010932814,,0,,,,none,1,6.377493801093282,0.6
123,0,51436,2.0,1,2,0.0019032270589724165,1.0,9.19287682024165,106.0,0,5.0,1.0,0.0,2+ pressers,0,0.9192876820241651,1.0
123,0,51461,3.0,1,2,0.00629756560322928,1.0,2.955158829410834,208.0,0,2.0,3.0,1.0,2+ pressers,0,0.29551588294108344,1.0
123,0,51486,4.0,0,0,3.1134312473279055,1.0,3.816603867323778,208.0,0,1.0,2.0,2.0,none,0,0.3816603867323778,1.0
123,0,51511,5.0,1,1,1.056131234619577,1.0,5.75136254939693,208.0,0,2.0,3.0,1.0,1 presser,0,0.575136254939693,1.0
123,0,51536,6.0,1,1,0.003928797270987148,1.0,7.3315950762694655,111.0,0,4.0,2.0,1.0,1 presser,0,0.7331595076269466,1.0
123,0,51561,7.0,1,1,0.040565129912547356,1.0,5.933860316420748,215.0,1,2.0,2.0,2.0,1 presser,0,0.5933860316420748,1.0
123,0,51586,8.0,0,0,1.090803177000845,0.52,8.240062398632375,,1,,,,none,0,0.8240062398632375,0.52
124,0,51698,2.0,0,0,7.172135791705296,1.0,8.526621073831478,215.0,0,3.0,1.0,2.0,none,0,0.8526621073831478,1.0
124,0,51723,3.0,0,0,8.32265770865751,0.64,10.938152934560804,,0,,,,none,0,1.0938152934560805,0.64
124,0,51748,4.0,0,0,8.73189763766318,0.0,10.78154988454557,,0,,,,none,0,1.078154988454557,0.0
124,0,51773,5.0,0,0,10.116738819798499,0.6,10.659361957114058,215.0,0,4.0,2.0,1.0,none,0,1.0659361957114057,0.6
124,0,51798,6.0,0,0,6.7109267602637415,0.36,14.764162985163551,,0,,,,none,0,1.4764162985163551,0.36
124,0,51823,7.0,0,0,20.7788812726306,0.0,25.71309477550649,,0,,,,none,0,2.571309477550649,0.0
124,0,51848,8.0,0,0,14.92047296770846,0.0,40.31207389676402,,0,,,,none,0,4.031207389676402,0.0
124,0,51873,9.0,0,0,7.626792826888473,0.0,47.415079234934055,,0,,,,none,0,4.741507923493406,0.0
124,0,51898,10.0,1,2,2.8389404432884033,0.28,48.04691383166174,222.0,0,0.0,2.0,6.0,2+ pressers,0,4.804691383166174,0.28
124,0,51923,11.0,1,3,1.9741338143996374,0.4,35.38867626792606,,0,,,,2+ pressers,0,3.538867626792606,0.4
124,0,51948,12.0,0,0,6.335846334239544,0.88,34.2215811455998,214.0,0,5.0,2.0,2.0,none,0,3.4221581145599798,0.88
124,0,51973,13.0,1,1,3.76361004342262,1.0,38.41076201325511,205.0,1,2.0,4.0,1.0,1 presser,0,3.841076201325511,1.0
124,0,51998,14.0,1,1,1.2879998023705357,0.15,39.6259502118119,,1,,,,1 presser,0,3.9625950211811896,0.15
125,1,52073,2.0,1,1,1.2835799474292664,1.0,58.40924674258662,117.0,0,6.0,2.0,1.0,1 presser,1,5.840924674258662,1.0
125,1,52098,3.0,1,1,2.7698282838327333,1.0,55.587320643427375,117.0,0,4.0,3.0,2.0,1 presser,1,5.558732064342737,1.0
125,1,52123,4.0,1,1,1.892096116631635,1.0,53.644703169247094,117.0,0,4.0,3.0,2.0,1 presser,1,5.364470316924709,1.0
125,1,52148,5.0,1,1,1.7868189916482295,0.04,67.9771950672613,,0,,,,1 presser,1,6.79771950672613,0.04
126,0,52224,2.0,1,1,2.5909859123514645,1.0,22.02225204503317,202.0,1,3.0,1.0,5.0,1 presser,0,2.202225204503317,1.0
126,0,52249,3.0,1,1,1.150900788119692,1.0,20.329678586590575,202.0,1,3.0,3.0,3.0,1 presser,0,2.0329678586590574,1.0
129,1,52513,2.0,1,1,1.1818355057496672,0.2,40.504149336484474,,0,,,,1 presser,1,4.050414933648447,0.2
129,1,52538,3.0,0,0,13.950669984137045,0.76,42.11852331984028,105.0,0,6.0,0.0,2.0,none,1,4.211852331984028,0.76
129,1,52563,4.0,0,0,11.692824504931137,1.0,44.48366172274801,105.0,0,6.0,0.0,2.0,none,1,4.448366172274801,1.0
129,1,52588,5.0,0,0,8.38660767902258,1.0,47.6996733569878,105.0,0,5.0,1.0,2.0,none,1,4.76996733569878,1.0
129,1,52613,6.0,0,0,6.374440203569565,1.0,51.040953985183265,105.0,0,3.0,1.0,4.0,none,1,5.104095398518327,1.0
129,1,52638,7.0,0,0,4.528183449656614,0.8,62.49553156361552,,0,,,,none,1,6.249553156361552,0.8
130,1,52864,2.0,0,0,8.975083780171985,0.32,60.85465288495702,102.0,0,4.0,1.0,4.0,none,1,6.085465288495702,0.32
130,1,52889,3.0,0,0,6.46247573745489,1.0,63.451210822258986,102.0,0,3.0,2.0,4.0,none,1,6.345121082225899,1.0
130,1,52914,4.0,1,1,3.4222203265992097,1.0,67.28791828644601,102.0,0,2.0,3.0,4.0,1 presser,1,6.728791828644601,1.0
131,0,53185,2.0,1,1,0.9499414930605932,0.8,30.162251053975993,,1,,,,1 presser,0,3.0162251053975995,0.8
131,0,53210,3.0,1,1,0.890889295143371,0.0,42.17992878829072,,1,,,,1 presser,0,4.2179928788290715,0.0
132,1,53264,2.0,1,2,0.5020710231803996,0.72,62.94735371886789,,0,,,,2+ pressers,1,6.294735371886789,0.72
132,1,53289,3.0,0,0,8.430971545606994,0.2,62.133848995039976,103.0,0,2.0,2.0,4.0,none,1,6.213384899503998,0.2
132,1,53314,4.0,0,0,8.120797770321971,0.84,60.725925819023686,103.0,0,3.0,1.0,3.0,none,1,6.072592581902368,0.84
132,1,53339,5.0,0,0,6.047464167664943,1.0,61.27674891509673,103.0,0,3.0,2.0,2.0,none,1,6.127674891509673,1.0
132,1,53364,6.0,0,0,3.8014799509059714,1.0,62.147389996579946,103.0,0,2.0,2.0,3.0,none,1,6.214738999657994,1.0
132,1,53389,7.0,0,0,4.4111417995104345,1.0,62.87745009380084,108.0,0,6.0,0.0,2.0,none,1,6.2877450093800835,1.0
132,1,53414,8.0,0,0,5.616561903068639,1.0,64.42964433790107,108.0,0,6.0,2.0,1.0,none,1,6.442964433790107,1.0
132,1,53439,9.0,1,1,3.4757106659796473,1.0,66.24739113832152,108.0,0,4.0,3.0,2.0,1 presser,1,6.624739113832152,1.0
133,0,53766,2.0,1,1,0.37418812442110266,1.0,25.199576388983502,221.0,1,0.0,6.0,3.0,1 presser,0,2.51995763889835,1.0
134,0,54673,2.0,1,1,0.005827391409602429,0.44,9.284849100179315,111.0,0,5.0,1.0,0.0,1 presser,0,0.9284849100179315,0.44
134,0,54698,3.0,1,1,0.004189475380988406,1.0,16.37077464923965,221.0,0,2.0,2.0,2.0,1 presser,0,1.637077464923965,1.0
134,0,54723,4.0,1,1,2.4831075460566567,1.0,18.0398634263683,221.0,0,4.0,0.0,3.0,1 presser,0,1.8039863426368299,1.0
134,0,54748,5.0,1,1,0.013008326904077742,1.0,22.496646356471246,111.0,0,3.0,4.0,0.0,1 presser,0,2.2496646356471244,1.0
134,0,54773,6.0,1,1,0.013360350670707458,1.0,20.557766645382358,221.0,0,3.0,2.0,2.0,1 presser,0,2.055776664538236,1.0
134,0,54798,7.0,0,0,3.1063223171156173,0.24,15.4421435477189,,0,,,,none,0,1.5442143547718898,0.24
134,0,54823,8.0,0,0,7.410684768692199,0.0,7.0594403385969855,,0,,,,none,0,0.7059440338596985,0.0
134,0,54848,9.0,0,0,7.386979371631404,0.0,4.900712312683666,,0,,,,none,0,0.4900712312683666,0.0
134,0,54873,10.0,1,1,3.9651890638199307,0.56,3.5329710445870575,,0,,,,1 presser,0,0.35329710445870577,0.56
134,0,54898,11.0,0,0,6.84775942996609,0.2,3.3408076679786944,202.0,0,3.0,0.0,3.0,none,0,0.33408076679786947,0.2
134,0,54923,12.0,1,1,3.312259284607846,1.0,2.319911289881688,202.0,0,3.0,1.0,3.0,1 presser,0,0.2319911289881688,1.0
134,0,54948,13.0,1,1,3.1710251948176986,0.28,11.043078453973905,,0,,,,1 presser,0,1.1043078453973905,0.28
134,0,54973,14.0,1,1,4.82277008023638,0.72,11.795977239008266,214.0,0,0.0,3.0,2.0,1 presser,0,1.1795977239008266,0.72
134,0,54998,15.0,1,1,1.5565348813171804,1.0,15.019304786806345,214.0,0,2.0,2.0,3.0,1 presser,0,1.5019304786806345,1.0
134,0,55023,16.0,1,1,1.7274730575187192,1.0,20.920939305445273,214.0,0,5.0,1.0,3.0,1 presser,0,2.0920939305445274,1.0
134,0,55048,17.0,1,2,0.6954834514126071,1.0,27.594743564134205,214.0,1,6.0,1.0,2.0,2+ pressers,0,2.7594743564134205,1.0
134,0,55073,18.0,1,4,0.5571352657822934,0.96,36.50572578056689,205.0,1,4.0,3.0,2.0,2+ pressers,0,3.650572578056689,0.96
135,1,55131,2.0,1,1,4.254851386363828,1.0,59.717926967950035,108.0,0,3.0,2.0,0.0,1 presser,1,5.971792696795004,1.0
135,1,55156,3.0,1,1,3.3975169060093577,0.48,60.35806004196006,108.0,0,,,,1 presser,1,6.035806004196006,0.48
135,1,55181,4.0,1,1,1.7655298953510503,0.92,64.85942950837837,108.0,0,4.0,3.0,2.0,1 presser,1,6.485942950837837,0.92
137,0,55417,2.0,1,1,2.4640653918830466,0.12,27.017731921487936,,0,,,,1 presser,0,2.7017731921487935,0.12
137,0,55442,3.0,1,1,4.830682179529166,0.0,30.759638419974692,,0,,,,1 presser,0,3.0759638419974693,0.0
137,0,55467,4.0,1,1,2.1096939944585626,0.4,32.97680859687979,221.0,0,5.0,0.0,3.0,1 presser,0,3.297680859687979,0.4
137,0,55492,5.0,1,1,1.7604480790225088,1.0,33.253948931927226,221.0,0,4.0,2.0,3.0,1 presser,0,3.3253948931927226,1.0
137,0,55517,6.0,1,2,2.2507021484047085,0.72,35.28037121913262,,1,,,,2+ pressers,0,3.528037121913262,0.72
137,0,55542,7.0,1,2,0.46575907116710125,0.68,36.07757100636566,208.0,1,4.0,2.0,3.0,2+ pressers,0,3.607757100636566,0.68
139,0,55660,2.0,0,0,9.537882735855533,1.0,28.939641512357042,215.0,0,3.0,4.0,2.0,none,0,2.8939641512357044,1.0
139,0,55685,3.0,0,0,7.490874735454401,1.0,30.699497907589432,215.0,0,4.0,1.0,4.0,none,0,3.069949790758943,1.0
139,0,55710,4.0,1,1,3.7768048471420044,1.0,46.147924676641544,204.0,1,1.0,4.0,4.0,1 presser,0,4.614792467664154,1.0
139,0,55735,5.0,1,1,0.917426649074445,0.68,56.35527923760366,,1,,,,1 presser,0,5.635527923760366,0.68
140,1,55809,2.0,1,2,0.46287629112949147,1.0,53.94846727242297,106.0,0,3.0,2.0,4.0,2+ pressers,1,5.394846727242297,1.0
140,1,55834,3.0,1,1,1.27228291264041,1.0,45.46897745021309,102.0,0,2.0,3.0,4.0,1 presser,1,4.546897745021309,1.0
140,1,55859,4.0,1,1,0.6361869861904808,1.0,54.7731037628958,108.0,0,3.0,3.0,3.0,1 presser,1,5.47731037628958,1.0
140,1,55884,5.0,1,1,1.76577131555281,1.0,56.83111868371513,108.0,0,3.0,2.0,4.0,1 presser,1,5.683111868371514,1.0
140,1,55909,6.0,1,2,1.6133666991486182,1.0,69.30718626009022,109.0,0,1.0,3.0,5.0,2+ pressers,1,6.930718626009022,1.0
141,0,56203,2.0,0,0,7.5136615052288755,1.0,19.33938868951661,204.0,0,3.0,3.0,3.0,none,0,1.933938868951661,1.0
141,0,56228,3.0,1,1,4.006261965476538,1.0,19.002266356994795,204.0,0,2.0,1.0,6.0,1 presser,0,1.9002266356994795,1.0
141,0,56253,4.0,1,1,3.5509207251719976,0.56,10.40003610687262,,0,,,,1 presser,0,1.0400036106872619,0.56
142,0,56449,2.0,1,2,0.5879208646156415,1.0,61.17946527832302,219.0,0,3.0,5.0,1.0,2+ pressers,0,6.117946527832302,1.0
143,1,57062,2.0,0,0,2.074112841722541,1.0,6.702185296234293,103.0,1,5.0,1.0,2.0,none,1,0.6702185296234293,1.0
145,1,57653,2.0,0,0,9.869234621957746,0.0,12.384425394058757,,0,,,,none,1,1.2384425394058758,0.0
145,1,57678,3.0,0,0,15.3229826575475,0.76,13.0711384019652,1.0,0,7.0,0.0,1.0,none,1,1.30711384019652,0.76
145,1,57703,4.0,0,0,13.125761628871066,0.76,16.18105749472337,,0,,,,none,1,1.618105749472337,0.76
145,1,57728,5.0,0,0,10.585445676049334,0.6,17.460506710417114,102.0,0,3.0,4.0,1.0,none,1,1.7460506710417114,0.6
145,1,57753,6.0,0,0,7.973395261029505,1.0,17.730079615310686,102.0,0,3.0,2.0,3.0,none,1,1.7730079615310685,1.0
145,1,57778,7.0,0,0,6.56896347861272,0.96,13.51854507294539,,0,,,,none,1,1.351854507294539,0.96
145,1,57803,8.0,0,0,10.29307756262585,0.36,11.446071126800074,1.0,0,6.0,0.0,2.0,none,1,1.1446071126800075,0.36
145,1,57828,9.0,0,0,9.608443771094588,1.0,11.962157567342157,1.0,0,6.0,0.0,2.0,none,1,1.1962157567342158,1.0
145,1,57853,10.0,0,0,7.351033387836707,0.04,13.121782539296794,,0,,,,none,1,1.3121782539296794,0.04
145,1,57878,11.0,0,0,7.96569826755043,0.8,13.117143562067955,102.0,0,4.0,2.0,0.0,none,1,1.3117143562067954,0.8
145,1,57903,12.0,0,0,5.42179840743468,1.0,13.267188725771643,102.0,0,3.0,2.0,1.0,none,1,1.3267188725771644,1.0
145,1,57928,13.0,1,1,2.530146584363953,1.0,15.591689841174903,102.0,0,5.0,0.0,2.0,1 presser,1,1.5591689841174903,1.0
145,1,57953,14.0,0,0,7.478444834988381,0.0,24.222536374835784,,0,,,,none,1,2.4222536374835784,0.0
145,1,57978,15.0,0,0,12.357318328943556,0.12,25.162007734214306,105.0,0,4.0,0.0,3.0,none,1,2.5162007734214304,0.12
145,1,58003,16.0,0,0,9.195013087126846,1.0,28.183148092879094,105.0,0,4.0,1.0,2.0,none,1,2.8183148092879096,1.0
145,1,58028,17.0,1,1,4.33045509954748,1.0,32.505668933575066,105.0,0,2.0,3.0,2.0,1 presser,1,3.2505668933575067,1.0
145,1,58053,18.0,1,1,1.923586411161194,1.0,36.5990299144826,105.0,0,5.0,2.0,0.0,1 presser,1,3.65990299144826,1.0
145,1,58078,19.0,1,1,0.0877633797241736,1.0,41.43095104510979,105.0,0,4.0,1.0,2.0,1 presser,1,4.143095104510979,1.0
145,1,58103,20.0,1,1,0.7796374411398007,1.0,40.255133373198376,105.0,0,2.0,0.0,4.0,1 presser,1,4.025513337319838,1.0
145,1,58128,21.0,0,0,4.091806843502119,0.76,51.710975954084326,,0,,,,none,1,5.171097595408432,0.76
147,0,58404,2.0,0,0,9.478264493053624,1.0,27.46327831917408,202.0,0,4.0,4.0,1.0,none,0,2.746327831917408,1.0
147,0,58429,3.0,0,0,8.960702554025687,0.44,25.05208851062966,,0,,,,none,0,2.505208851062966,0.44
147,0,58454,4.0,0,0,13.362725238795177,0.0,23.287228684062285,,0,,,,none,0,2.3287228684062287,0.0
147,0,58479,5.0,0,0,17.503357247591318,0.84,26.14043606133427,215.0,0,4.0,3.0,1.0,none,0,2.614043606133427,0.84
147,0,58504,6.0,0,0,14.883309394929073,1.0,30.878998976487154,215.0,0,5.0,1.0,3.0,none,0,3.0878998976487155,1.0
147,0,58529,7.0,0,0,13.018388886998201,1.0,34.95995519322372,215.0,0,4.0,2.0,3.0,none,0,3.495995519322372,1.0
147,0,58554,8.0,1,1,4.715464524128918,0.52,45.12552292994525,,0,,,,1 presser,0,4.512552292994525,0.52
147,0,58579,9.0,1,1,2.8526093582364767,0.12,49.65004908955164,204.0,0,2.0,2.0,3.0,1 presser,0,4.965004908955164,0.12
147,0,58604,10.0,1,1,2.825783858052099,0.36,69.71985346442474,,0,,,,1 presser,0,6.971985346442475,0.36
148,1,59053,2.0,0,0,3.320862535000733,0.8,19.84775857887091,,0,,,,none,1,1.9847758578870909,0.8
149,1,59231,2.0,0,0,12.69609639958807,1.0,29.730773112157095,123.0,0,3.0,1.0,3.0,none,1,2.9730773112157096,1.0
149,1,59256,3.0,0,0,12.757744883004028,1.0,30.81977531237489,123.0,0,3.0,1.0,3.0,none,1,3.081977531237489,1.0
149,1,59281,4.0,0,0,11.860458084550668,1.0,31.2471446501904,123.0,0,4.0,1.0,2.0,none,1,3.12471446501904,1.0
149,1,59306,5.0,0,0,9.985213537695598,0.68,26.640632707375808,,0,,,,none,1,2.664063270737581,0.68
149,1,59331,6.0,0,0,9.854531556544975,0.44,29.34925096918716,,0,,,,none,1,2.934925096918716,0.44
149,1,59356,7.0,0,0,9.923446104830369,0.28,33.03318237980495,123.0,0,3.0,3.0,1.0,none,1,3.303318237980495,0.28
149,1,59381,8.0,0,0,9.432000731898388,1.0,33.0566601519819,123.0,0,3.0,3.0,1.0,none,1,3.3056660151981903,1.0
149,1,59406,9.0,0,0,8.648300292487928,0.16,24.99093840833516,,0,,,,none,1,2.499093840833516,0.16
149,1,59431,10.0,0,0,8.960368363961484,0.88,25.471437089648912,102.0,0,5.0,2.0,1.0,none,1,2.5471437089648914,0.88
149,1,59456,11.0,0,0,5.6380981246291295,1.0,26.20943566524629,102.0,0,3.0,4.0,1.0,none,1,2.620943566524629,1.0
149,1,59481,12.0,0,0,4.75911382928824,0.36,27.49445869220956,,1,,,,none,1,2.749445869220956,0.36
149,1,59506,13.0,0,0,7.29481582931107,0.0,27.765423304540512,,1,,,,none,1,2.7765423304540513,0.0
150,1,59708,2.0,1,2,2.2131354973116966,0.72,65.84031216307713,116.0,0,3.0,3.0,2.0,2+ pressers,1,6.584031216307713,0.72
150,1,59733,3.0,1,2,2.4887904872824738,1.0,69.29442146496916,116.0,0,5.0,1.0,3.0,2+ pressers,1,6.929442146496916,1.0
151,0,59954,2.0,1,1,3.0283918358441295,0.4,9.098665606447312,204.0,0,4.0,1.0,3.0,1 presser,0,0.9098665606447313,0.4
151,0,59979,3.0,1,2,1.440429035460039,1.0,4.6972098539478395,204.0,1,4.0,2.0,2.0,2+ pressers,0,0.46972098539478396,1.0
151,0,60004,4.0,1,2,0.06998078824827454,1.0,2.298780516866458,204.0,1,2.0,3.0,3.0,2+ pressers,0,0.2298780516866458,1.0
152,0,60313,2.0,0,0,11.636615012218773,1.0,3.148485357110843,221.0,0,3.0,1.0,2.0,none,0,0.3148485357110843,1.0
152,0,60338,3.0,0,0,8.81592649232126,0.44,5.0145743403122935,,0,,,,none,0,0.5014574340312293,0.44
152,0,60363,4.0,0,0,9.396049917507629,0.0,4.3458534693570385,,0,,,,none,0,0.43458534693570383,0.0
154,0,60918,2.0,0,0,8.437837590792077,0.8,27.147227449572497,214.0,1,3.0,2.0,3.0,none,0,2.7147227449572497,0.8
155,1,60992,2.0,1,1,3.9581997831977067,0.92,55.31548408917352,116.0,1,7.0,0.0,1.0,1 presser,1,5.531548408917352,0.92
155,1,61017,3.0,1,1,0.021819341275731832,1.0,48.2150375970873,214.0,1,5.0,1.0,1.0,1 presser,1,4.8215037597087305,1.0
156,0,61091,2.0,0,0,3.6726037269238887,0.76,58.76116855392828,,0,,,,none,0,5.876116855392828,0.76
156,0,61116,3.0,1,1,3.7690445721139234,0.12,56.03995807354252,205.0,0,5.0,2.0,2.0,1 presser,0,5.603995807354252,0.12
156,0,61141,4.0,1,1,3.2135864813195743,1.0,54.12373598361056,208.0,0,3.0,2.0,4.0,1 presser,0,5.4123735983610555,1.0
156,0,61166,5.0,1,1,4.301749182293671,1.0,55.617295938771775,208.0,0,2.0,4.0,3.0,1 presser,0,5.561729593877177,1.0
156,0,61191,6.0,1,1,3.294983978765482,0.72,61.740586026502584,,0,,,,1 presser,0,6.174058602650258,0.72
156,0,61216,7.0,0,0,6.011581293825539,0.0,63.04117533283882,,0,,,,none,0,6.304117533283882,0.0
156,0,61241,8.0,0,0,7.7181426340356705,0.92,62.5818825924034,204.0,0,3.0,1.0,2.0,none,0,6.25818825924034,0.92
156,0,61266,9.0,0,0,6.632277734271225,1.0,66.91945838483608,221.0,0,3.0,3.0,0.0,none,0,6.6919458384836075,1.0
157,0,61469,2.0,1,1,3.5272465068215175,0.0,57.07648650070594,,0,,,,1 presser,0,5.707648650070594,0.0
157,0,61494,3.0,1,1,4.15683026271188,0.2,59.028318845308604,208.0,0,4.0,2.0,1.0,1 presser,0,5.90283188453086,0.2
157,0,61519,4.0,1,1,4.24890803584684,1.0,58.2620563551539,208.0,0,3.0,1.0,3.0,1 presser,0,5.82620563551539,1.0
157,0,61544,5.0,1,1,3.517886120668004,0.48,54.453809402947655,,0,,,,1 presser,0,5.445380940294766,0.48
157,0,61569,6.0,1,1,4.33786376773594,0.0,44.42998075235001,,0,,,,1 presser,0,4.442998075235002,0.0
157,0,61594,7.0,1,1,4.149654264775631,0.6,38.41925373823332,215.0,0,,,,1 presser,0,3.841925373823332,0.6
157,0,61619,8.0,1,1,3.5864693166850308,0.76,34.154417718206886,215.0,0,2.0,1.0,4.0,1 presser,0,3.4154417718206886,0.76
157,0,61644,9.0,0,0,3.592363647541287,0.32,33.09172378219904,202.0,0,3.0,3.0,2.0,none,0,3.309172378219904,0.32
157,0,61669,10.0,0,0,5.278103274346437,1.0,31.524135580707323,202.0,0,3.0,2.0,3.0,none,0,3.1524135580707324,1.0
157,0,61694,11.0,0,0,3.132788364520875,0.56,33.01172643886443,,0,,,,none,0,3.301172643886443,0.56
157,0,61719,12.0,0,0,12.350515654384312,0.04,35.17728966288921,214.0,0,4.0,2.0,0.0,none,0,3.517728966288921,0.04
157,0,61744,13.0,0,0,15.036585080378785,1.0,37.32440345604084,214.0,0,4.0,1.0,1.0,none,0,3.732440345604084,1.0
157,0,61769,14.0,0,0,12.067453082363905,1.0,42.1069818332199,214.0,0,3.0,3.0,2.0,none,0,4.210698183321989,1.0
157,0,61794,15.0,0,0,10.221139878617738,1.0,48.70541697504343,214.0,0,3.0,2.0,3.0,none,0,4.8705416975043425,1.0
157,0,61819,16.0,0,0,5.413135099273022,1.0,53.797790945270805,214.0,0,2.0,2.0,4.0,none,0,5.3797790945270805,1.0
157,0,61844,17.0,0,0,4.113549135250507,0.44,57.766401300759725,,0,,,,none,0,5.776640130075973,0.44
157,0,61869,18.0,1,1,3.695775720593566,0.0,63.11619885493527,,0,,,,1 presser,0,6.311619885493527,0.0
157,0,61894,19.0,1,2,2.661442712495404,0.44,58.23810680504958,,0,,,,2+ pressers,0,5.823810680504958,0.44
157,0,61919,20.0,0,0,5.101285763411983,0.52,56.95825285122375,214.0,0,4.0,0.0,0.0,none,0,5.695825285122375,0.52
157,0,61944,21.0,1,1,1.5458924373795622,1.0,54.02105330531677,214.0,0,4.0,1.0,3.0,1 presser,0,5.402105330531677,1.0
157,0,61969,22.0,1,1,0.2382910289233632,1.0,55.075537354795934,214.0,0,4.0,1.0,3.0,1 presser,0,5.507553735479593,1.0
157,0,61994,23.0,1,1,0.1032887877812865,1.0,48.70642743410747,205.0,0,2.0,2.0,5.0,1 presser,0,4.870642743410746,1.0
157,0,62019,24.0,1,1,3.338945152926094,1.0,45.66333838331654,205.0,0,2.0,0.0,6.0,1 presser,0,4.566333838331654,1.0
157,0,62044,25.0,1,1,3.064572640700606,1.0,37.53865830214687,202.0,0,2.0,2.0,4.0,1 presser,0,3.753865830214687,1.0
157,0,62069,26.0,0,0,4.251332557735583,0.28,32.40079986096971,,0,,,,none,0,3.2400799860969713,0.28
157,0,62094,27.0,0,0,11.80923683972736,0.52,30.706297885565547,215.0,0,3.0,4.0,2.0,none,0,3.0706297885565546,0.52
157,0,62119,28.0,0,0,10.236305559241469,1.0,34.00788772689691,215.0,0,4.0,2.0,3.0,none,0,3.4007887726896913,1.0
157,0,62144,29.0,0,0,6.158177164714421,1.0,35.718115141897286,215.0,0,4.0,1.0,3.0,none,0,3.5718115141897284,1.0
157,0,62169,30.0,1,1,4.167929640551811,1.0,35.038519408041296,215.0,0,3.0,0.0,6.0,1 presser,0,3.5038519408041298,1.0
157,0,62194,31.0,1,1,3.4116601737263537,0.44,33.803201675007685,,0,,,,1 presser,0,3.3803201675007686,0.44
157,0,62219,32.0,0,0,11.576167568876,0.56,33.10358073272329,202.0,0,4.0,2.0,2.0,none,0,3.3103580732723286,0.56
157,0,62244,33.0,0,0,10.726162687024129,1.0,32.58003096146996,202.0,0,4.0,1.0,3.0,none,0,3.2580030961469957,1.0
157,0,62269,34.0,0,0,8.819963193515818,1.0,33.396921331232036,202.0,0,4.0,3.0,1.0,none,0,3.3396921331232035,1.0
157,0,62294,35.0,0,0,6.120931070827211,1.0,34.21510233134359,202.0,0,3.0,3.0,2.0,none,0,3.4215102331343585,1.0
157,0,62319,36.0,0,0,4.287259544441795,0.36,45.85933087142796,,0,,,,none,0,4.585933087142796,0.36
157,0,62344,37.0,0,0,5.687800936364892,0.0,33.82409116388237,,0,,,,none,0,3.3824091163882373,0.0
157,0,62369,38.0,0,0,11.543610255254679,0.28,32.526205654188544,215.0,0,4.0,5.0,0.0,none,0,3.2526205654188542,0.28
157,0,62394,39.0,0,0,12.005773371974364,1.0,34.025324361307426,215.0,0,4.0,4.0,1.0,none,0,3.4025324361307425,1.0
157,0,62419,40.0,0,0,8.161000745678702,1.0,36.28730286640422,215.0,0,4.0,4.0,1.0,none,0,3.6287302866404216,1.0
157,0,62444,41.0,1,1,3.2916375085054077,1.0,37.85658269495377,215.0,0,3.0,2.0,4.0,1 presser,0,3.7856582694953773,1.0
157,0,62469,42.0,1,1,2.2442650086425897,0.08,62.61994164772996,,0,,,,1 presser,0,6.261994164772996,0.08
157,0,62494,43.0,0,0,13.501750868999167,0.0,63.87629965277148,,0,,,,none,0,6.3876299652771475,0.0
159,1,62722,2.0,0,0,2.078218643026224,0.04,51.36484992760664,,0,,,,none,1,5.136484992760664,0.04
159,1,62747,3.0,0,0,4.020484288243433,0.0,52.48255287075485,,0,,,,none,1,5.2482552870754855,0.0
159,1,62772,4.0,1,2,1.4607125786420314,0.21052631578947367,58.25643384706741,116.0,0,1.0,3.0,4.0,2+ pressers,1,5.8256433847067415,0.21052631578947367
159,1,62797,5.0,1,2,1.2940189181300694,1.0,64.50620578330177,116.0,1,1.0,4.0,3.0,2+ pressers,1,6.450620578330176,1.0
159,1,62822,6.0,1,2,0.5735228657047834,1.0,70.3573109731254,116.0,1,3.0,2.0,3.0,2+ pressers,1,7.0357310973125395,1.0
160,0,62876,2.0,1,1,0.19006415265360485,0.68,15.552212868043924,,0,,,,1 presser,0,1.5552212868043924,0.68
160,0,62901,3.0,0,0,8.73129894463455,0.0,8.31367724182681,,0,,,,none,0,0.8313677241826809,0.0
160,0,62926,4.0,0,0,10.986063323775095,0.0,4.786449911767988,,0,,,,none,0,0.4786449911767988,0.0
160,0,62951,5.0,0,0,5.579446479783384,0.96,3.5397021598190435,2.0,0,5.0,3.0,1.0,none,0,0.35397021598190437,0.96
160,0,62976,6.0,1,1,3.7423753354517686,0.56,5.816097825520586,,0,,,,1 presser,0,0.5816097825520586,0.56
160,0,63001,7.0,0,0,12.08862281904642,0.8,5.433794817446255,202.0,0,4.0,1.0,1.0,none,0,0.5433794817446256,0.8
160,0,63026,8.0,0,0,9.111562762610333,0.64,16.868107275714024,,0,,,,none,0,1.6868107275714024,0.64
160,0,63051,9.0,0,0,7.185986410509652,0.04,23.060828629073313,214.0,0,3.0,3.0,1.0,none,0,2.3060828629073313,0.04
160,0,63076,10.0,1,1,2.4816796998373043,1.0,22.773297343220506,214.0,0,3.0,1.0,3.0,1 presser,0,2.2773297343220507,1.0
160,0,63101,11.0,1,1,1.0462022624404919,0.6,18.353182182829215,,0,,,,1 presser,0,1.8353182182829215,0.6
160,0,63126,12.0,1,1,3.419327652135654,0.68,17.76883414741971,208.0,0,3.0,1.0,5.0,1 presser,0,1.776883414741971,0.68
160,0,63151,13.0,1,1,2.3919418379077615,0.52,25.26925264752471,,0,,,,1 presser,0,2.526925264752471,0.52
160,0,63176,14.0,0,0,5.8334280465946025,0.0,28.91668167303699,,0,,,,none,0,2.891668167303699,0.0
160,0,63201,15.0,1,1,2.4632813120556896,0.0,34.66754750078741,,0,,,,1 presser,0,3.466754750078741,0.0
160,0,63226,16.0,0,0,8.219475860361374,0.24,39.12625835214163,221.0,0,5.0,1.0,1.0,none,0,3.9126258352141634,0.24
160,0,63251,17.0,0,0,5.273550520957653,1.0,44.27995058428695,221.0,0,4.0,2.0,1.0,none,0,4.427995058428695,1.0
160,0,63276,18.0,1,1,3.666353797487621,1.0,48.55497466934294,221.0,0,4.0,2.0,1.0,1 presser,0,4.855497466934294,1.0
160,0,63301,19.0,0,0,3.7173324370708682,0.22727272727272727,49.71786543574654,,0,,,,none,0,4.9717865435746535,0.22727272727272727
160,0,63326,20.0,0,0,1.7451278614396695,0.0,56.71969492856997,,0,,,,none,0,5.671969492856997,0.0
160,0,63351,21.0,1,1,4.391912080905599,0.84,57.968884225769614,205.0,0,1.0,2.0,6.0,1 presser,0,5.796888422576961,0.84
160,0,63376,22.0,1,2,1.4272260893757165,1.0,60.23899302449246,205.0,0,4.0,0.0,5.0,2+ pressers,0,6.023899302449246,1.0
160,0,63401,23.0,1,2,0.9169026144556212,1.0,68.76891831084554,207.0,0,2.0,3.0,4.0,2+ pressers,0,6.876891831084554,1.0
161,1,63779,2.0,0,0,10.65025594912294,1.0,14.078167397381307,1.0,0,7.0,0.0,1.0,none,1,1.4078167397381307,1.0
161,1,63804,3.0,0,0,8.538551730830338,1.0,14.875088547215363,1.0,0,6.0,1.0,1.0,none,1,1.4875088547215363,1.0
161,1,63829,4.0,0,0,8.248383914736253,0.2,20.779120095082753,,1,,,,none,1,2.0779120095082755,0.2
161,1,63854,5.0,0,0,7.355085759574959,0.76,23.03851801198686,105.0,1,4.0,1.0,2.0,none,1,2.303851801198686,0.76
162,1,63959,2.0,1,1,3.7162399310261183,0.44,34.67047383093564,,0,,,,1 presser,1,3.467047383093564,0.44
162,1,63984,3.0,1,1,4.443635511356144,0.72,36.06550535010857,117.0,0,3.0,2.0,3.0,1 presser,1,3.6065505350108573,0.72
162,1,64009,4.0,1,1,1.38470903321681,1.0,39.64158842002329,117.0,0,7.0,0.0,1.0,1 presser,1,3.964158842002329,1.0
162,1,64034,5.0,1,2,0.3859848317645609,0.8,49.47455082867715,,0,,,,2+ pressers,1,4.947455082867715,0.8
162,1,64059,6.0,1,1,0.5108102950472555,0.2,53.46103942088608,116.0,0,1.0,2.0,4.0,1 presser,1,5.346103942088608,0.2
162,1,64084,7.0,1,2,0.5846962679435618,0.92,52.19861152844567,116.0,0,2.0,1.0,5.0,2+ pressers,1,5.219861152844567,0.92
162,1,64109,8.0,1,2,0.04248932250213621,1.0,54.22244111530169,116.0,0,4.0,1.0,4.0,2+ pressers,1,5.422244111530169,1.0
162,1,64134,9.0,1,2,0.39446476533335195,1.0,53.992229728432136,116.0,0,5.0,2.0,2.0,2+ pressers,1,5.399222972843214,1.0
162,1,64159,10.0,0,0,3.3572034730596667,0.36,48.82879315914512,,0,,,,none,1,4.882879315914512,0.36
162,1,64184,11.0,1,1,0.403606367487747,0.12,46.60834426879885,204.0,0,,,,1 presser,1,4.660834426879886,0.12
162,1,64209,12.0,1,1,0.006732245553388234,1.0,39.736143098844636,102.0,0,4.0,2.0,1.0,1 presser,1,3.9736143098844634,1.0
162,1,64234,13.0,0,0,2.5601982731912076,1.0,40.6462200404882,102.0,0,4.0,2.0,2.0,none,1,4.06462200404882,1.0
162,1,64259,14.0,0,0,2.019288279237981,1.0,46.44116677771095,116.0,0,4.0,1.0,4.0,none,1,4.644116677771095,1.0
162,1,64284,15.0,0,0,1.8039042052204173,1.0,40.89698161945489,102.0,0,3.0,1.0,5.0,none,1,4.089698161945489,1.0
162,1,64309,16.0,0,0,4.312666321114016,1.0,51.5084510394189,123.0,0,3.0,3.0,3.0,none,1,5.15084510394189,1.0
162,1,64334,17.0,0,0,5.63195277027138,1.0,57.79730221052564,123.0,0,3.0,3.0,3.0,none,1,5.7797302210525645,1.0
164,0,65101,2.0,1,1,2.250213739031494,1.0,32.40263379148092,208.0,0,3.0,3.0,2.0,1 presser,0,3.240263379148092,1.0
164,0,65126,3.0,1,1,0.6091757720655802,1.0,36.3744958553001,221.0,1,5.0,1.0,1.0,1 presser,0,3.6374495855300095,1.0
164,0,65151,4.0,1,1,0.10840350158928636,1.0,40.89555215724401,221.0,1,4.0,3.0,0.0,1 presser,0,4.089555215724401,1.0
165,1,65223,2.0,0,0,3.8041801807016307,0.2916666666666667,58.654066591182165,,0,,,,none,1,5.865406659118216,0.2916666666666667
165,1,65273,4.0,0,0,3.3457986702530405,0.0,55.38832880218583,,0,,,,none,1,5.5388328802185836,0.0
165,1,65298,5.0,1,1,1.7023115903646637,0.64,56.03368911209657,106.0,0,7.0,0.0,2.0,1 presser,1,5.603368911209657,0.64
165,1,65323,6.0,1,1,1.0398734374455398,0.4,63.0830528616871,,0,,,,1 presser,1,6.30830528616871,0.4
165,1,65348,7.0,0,0,3.050176681254688,0.64,61.3826083647901,111.0,0,6.0,1.0,2.0,none,1,6.13826083647901,0.64
165,1,65373,8.0,0,0,3.2866117895666247,0.68,65.28150981942858,,1,,,,none,1,6.528150981942858,0.68
165,1,65398,9.0,1,1,1.724623855882861,0.0,67.20651232962231,,1,,,,1 presser,1,6.720651232962231,0.0
166,0,65450,2.0,0,0,4.427323159652264,1.0,38.277656092788035,221.0,0,3.0,1.0,3.0,none,0,3.8277656092788037,1.0
166,0,65475,3.0,0,0,3.734648963261133,1.0,37.566642903503364,221.0,0,2.0,2.0,3.0,none,0,3.7566642903503364,1.0
166,0,65500,4.0,0,0,3.694036196091663,0.36,28.068188308244146,,0,,,,none,0,2.8068188308244144,0.36
166,0,65525,5.0,0,0,10.566421418392347,0.0,21.377872637911977,,0,,,,none,0,2.1377872637911977,0.0
166,0,65550,6.0,0,0,17.491767833815953,0.64,20.636894724029787,202.0,0,4.0,3.0,2.0,none,0,2.0636894724029786,0.64
166,0,65575,7.0,0,0,17.58826660920867,1.0,22.641129286972543,202.0,0,5.0,2.0,2.0,none,0,2.264112928697254,1.0
166,0,65600,8.0,0,0,18.571078329453506,1.0,27.45083854693054,202.0,0,5.0,2.0,2.0,none,0,2.7450838546930543,1.0
166,0,65625,9.0,0,0,15.974002137733729,1.0,31.970142213336572,202.0,0,5.0,2.0,2.0,none,0,3.1970142213336574,1.0
166,0,65650,10.0,0,0,12.78662539333344,1.0,37.474673362322704,202.0,0,6.0,1.0,2.0,none,0,3.7474673362322704,1.0
166,0,65675,11.0,0,0,8.40268290599292,0.08,44.92670572534475,214.0,0,4.0,0.0,3.0,none,0,4.492670572534475,0.08
166,0,65700,12.0,1,1,4.7146579303098415,1.0,47.120295260057965,214.0,0,3.0,1.0,3.0,1 presser,0,4.7120295260057965,1.0
166,0,65725,13.0,1,1,2.543709814928179,1.0,47.055699097248606,214.0,0,3.0,1.0,3.0,1 presser,0,4.7055699097248604,1.0
166,0,65750,14.0,1,1,2.2898021291257478,1.0,46.297352584091755,214.0,0,3.0,0.0,4.0,1 presser,0,4.629735258409175,1.0
166,0,65775,15.0,1,1,2.0571414838349593,0.52,45.55470540562125,,0,,,,1 presser,0,4.5554705405621245,0.52
166,0,65800,16.0,1,1,3.1327426755423753,0.0,37.55435751962992,,1,,,,1 presser,0,3.7554357519629917,0.0
166,0,65825,17.0,0,0,7.765313049885715,0.36,32.850740890680555,202.0,1,4.0,2.0,3.0,none,0,3.2850740890680554,0.36
168,1,66065,2.0,0,0,18.971016045477466,1.0,14.051597572984715,1.0,0,6.0,0.0,2.0,none,1,1.4051597572984715,1.0
168,1,66090,3.0,0,0,19.883552747225387,0.32,20.19521543678551,,0,,,,none,1,2.019521543678551,0.32
168,1,66115,4.0,0,0,19.686923413492384,0.76,22.753163753411776,105.0,0,7.0,1.0,1.0,none,1,2.275316375341178,0.76
168,1,66140,5.0,0,0,16.222332563998645,1.0,25.12750317500195,105.0,0,6.0,2.0,1.0,none,1,2.512750317500195,1.0
168,1,66165,6.0,0,0,9.264352444535227,1.0,30.006058081602532,105.0,0,5.0,2.0,2.0,none,1,3.000605808160253,1.0
168,1,66190,7.0,1,1,2.6981966858985356,0.96,32.419439489191326,105.0,0,2.0,3.0,2.0,1 presser,1,3.2419439489191326,0.96
168,1,66215,8.0,1,1,0.22492101255893807,0.76,23.310763482946236,,0,,,,1 presser,1,2.3310763482946237,0.76
168,1,66240,9.0,0,0,8.278556446778659,0.0,17.2837801974967,,0,,,,none,1,1.72837801974967,0.0
168,1,66265,10.0,0,0,6.521337634058179,0.56,15.734691913311346,1.0,0,3.0,2.0,3.0,none,1,1.5734691913311347,0.56
168,1,66290,11.0,0,0,5.625955225080617,0.68,19.410707450591097,,0,,,,none,1,1.9410707450591098,0.68
168,1,66315,12.0,1,1,4.494175105054979,0.36,20.788915171767787,105.0,0,3.0,2.0,2.0,1 presser,1,2.078891517176779,0.36
168,1,66340,13.0,1,1,4.086899490050404,0.48,37.94084343293799,,0,,,,1 presser,1,3.794084343293799,0.48
168,1,66365,14.0,1,1,3.9980770813470468,0.36,41.97050084823229,108.0,0,3.0,1.0,3.0,1 presser,1,4.197050084823229,0.36
168,1,66390,15.0,1,1,2.8731828843456473,1.0,43.16414548967281,108.0,1,2.0,3.0,1.0,1 presser,1,4.316414548967281,1.0
168,1,66415,16.0,1,1,2.8926019435847268,0.4,52.8088370050542,,1,,,,1 presser,1,5.28088370050542,0.4
169,0,66486,2.0,1,1,2.1830246978739667,0.32,61.45888949099405,,0,,,,1 presser,0,6.1458889490994055,0.32
169,0,66511,3.0,1,1,0.5831541463674296,0.88,62.25354408495341,222.0,0,4.0,2.0,3.0,1 presser,0,6.225354408495341,0.88
169,0,66536,4.0,1,3,0.0817420139893658,1.0,62.98319918403524,214.0,0,7.0,1.0,1.0,2+ pressers,0,6.298319918403524,1.0
169,0,66561,5.0,1,3,0.1924936105710121,1.0,61.2779229526474,222.0,0,4.0,1.0,4.0,2+ pressers,0,6.12779229526474,1.0
169,0,66586,6.0,1,2,0.46650987337522193,1.0,60.520999952907474,222.0,1,1.0,3.0,4.0,2+ pressers,0,6.052099995290748,1.0
169,0,66611,7.0,1,1,1.5627327822071981,1.0,56.31104719611022,205.0,1,4.0,1.0,4.0,1 presser,0,5.631104719611022,1.0
170,1,66678,2.0,0,0,5.119348722443259,0.0,50.460137310122406,,1,,,,none,1,5.04601373101224,0.0
171,0,66747,2.0,1,1,0.002098638437952696,0.24,45.815128735450976,109.0,0,5.0,1.0,3.0,1 presser,0,4.581512873545098,0.24
171,0,66772,3.0,1,1,0.004109244139503214,1.0,47.875099502243195,215.0,0,5.0,2.0,2.0,1 presser,0,4.78750995022432,1.0
171,0,66797,4.0,1,1,0.7700128810412541,1.0,48.01165128587826,215.0,0,4.0,2.0,3.0,1 presser,0,4.801165128587826,1.0
171,0,66822,5.0,1,1,1.5003973221295053,1.0,48.78577135881882,205.0,0,2.0,1.0,5.0,1 presser,0,4.878577135881882,1.0
171,0,66847,6.0,0,0,3.130003089165369,0.22727272727272727,49.00955406177192,,1,,,,none,0,4.900955406177192,0.22727272727272727
171,0,66872,7.0,0,0,2.4854771679479186,0.0,49.6910344444723,,1,,,,none,0,4.96910344444723,0.0
172,1,66925,2.0,1,1,0.8900553050476734,0.36,60.03262376883013,,1,,,,1 presser,1,6.003262376883013,0.36
173,0,66978,2.0,1,1,4.068706900204807,1.0,48.158087234674746,215.0,0,3.0,2.0,4.0,1 presser,0,4.815808723467475,1.0
173,0,67003,3.0,1,1,2.161110962395423,1.0,51.65503111974883,215.0,0,1.0,4.0,4.0,1 presser,0,5.165503111974883,1.0
173,0,67028,4.0,1,1,2.8030963890204235,0.04,49.31262800682153,,0,,,,1 presser,0,4.931262800682153,0.04
173,0,67053,5.0,0,0,7.32451898161753,0.0,55.268863509522134,,0,,,,none,0,5.526886350952213,0.0
173,0,67078,6.0,0,0,6.7472608570354975,0.12,57.304123698414486,221.0,0,5.0,1.0,1.0,none,0,5.730412369841448,0.12
173,0,67103,7.0,1,1,3.6966576900685544,1.0,57.45507387459125,221.0,0,2.0,3.0,2.0,1 presser,0,5.745507387459125,1.0
173,0,67128,8.0,1,1,2.0195327719419667,0.68,52.50806252703809,,0,,,,1 presser,0,5.250806252703809,0.68
173,0,67153,9.0,1,1,4.417507860387219,0.08,48.50550231400053,208.0,0,2.0,1.0,3.0,1 presser,0,4.850550231400053,0.08
173,0,67178,10.0,1,1,1.319684301064455,0.88,42.997935127051946,,0,,,,1 presser,0,4.299793512705195,0.88
173,0,67203,11.0,0,0,4.517702411759713,0.0,38.72560432629689,,0,,,,none,0,3.872560432629689,0.0
173,0,67228,12.0,0,0,9.096853785269364,0.96,40.03414194956228,202.0,0,3.0,2.0,4.0,none,0,4.003414194956228,0.96
173,0,67253,13.0,0,0,8.212694104817574,1.0,42.22088979618792,202.0,0,2.0,4.0,3.0,none,0,4.222088979618792,1.0
173,0,67278,14.0,0,0,5.850614568118123,1.0,47.41136662943362,202.0,0,2.0,4.0,2.0,none,0,4.7411366629433624,1.0
173,0,67303,15.0,1,2,2.916297491393211,0.64,65.36396779098926,,0,,,,2+ pressers,0,6.536396779098927,0.64
175,1,67589,2.0,1,1,1.0584035616606347,0.28,28.448255783472387,117.0,0,4.0,3.0,2.0,1 presser,1,2.8448255783472387,0.28
175,1,67614,3.0,1,1,2.3226963035357717,1.0,32.47881158415264,117.0,0,3.0,2.0,3.0,1 presser,1,3.2478811584152636,1.0
175,1,67639,4.0,1,1,0.34621222995069534,1.0,36.708631413244255,117.0,0,6.0,1.0,1.0,1 presser,1,3.6708631413244257,1.0
175,1,67664,5.0,1,2,0.4976832760861838,0.96,48.83243973382996,116.0,0,5.0,0.0,4.0,2+ pressers,1,4.883243973382996,0.96
175,1,67689,6.0,1,3,0.2982890102938577,1.0,54.208870085247355,116.0,1,1.0,3.0,4.0,2+ pressers,1,5.420887008524735,1.0
175,1,67714,7.0,1,2,0.39570591594359716,0.48,58.67915648700805,,1,,,,2+ pressers,1,5.867915648700805,0.48
176,0,67772,2.0,0,0,2.655670917203502,0.56,40.13675943784823,,0,,,,none,0,4.013675943784823,0.56
176,0,67797,3.0,0,0,9.339152886403207,0.16,36.90406182206851,214.0,0,7.0,1.0,1.0,none,0,3.6904061822068512,0.16
176,0,67822,4.0,0,0,10.575594948265053,1.0,37.93912564791145,214.0,0,7.0,2.0,0.0,none,0,3.793912564791145,1.0
176,0,67847,5.0,0,0,8.59370806998298,1.0,39.097555129400035,214.0,0,7.0,1.0,1.0,none,0,3.9097555129400035,1.0
176,0,67872,6.0,0,0,8.640061095544624,0.08,41.542091752384316,,0,,,,none,0,4.154209175238432,0.08
176,0,67897,7.0,0,0,6.440886679048897,0.36,44.76286571120309,205.0,0,5.0,4.0,0.0,none,0,4.476286571120309,0.36
176,0,67922,8.0,1,1,2.8994542614729,1.0,44.343702471895185,205.0,0,5.0,2.0,2.0,1 presser,0,4.434370247189518,1.0
176,0,67947,9.0,1,1,2.3325896482088617,1.0,43.67992244622628,205.0,0,3.0,3.0,3.0,1 presser,0,4.367992244622628,1.0
176,0,67972,10.0,1,1,1.9453337467890361,0.76,57.11227236297089,,0,,,,1 presser,0,5.7112272362970895,0.76
177,1,68081,2.0,1,1,1.8862561072217137,0.2,39.69673602113677,,0,,,,1 presser,1,3.9696736021136774,0.2
177,1,68106,3.0,0,0,10.958288502780254,0.0,49.73835023392921,,0,,,,none,1,4.973835023392921,0.0
177,1,68131,4.0,0,0,9.00986535248164,0.0,52.55288925007977,,0,,,,none,1,5.255288925007977,0.0
177,1,68156,5.0,1,1,0.8475562809149506,0.0,59.37397083911833,,0,,,,1 presser,1,5.937397083911833,0.0
177,1,68181,6.0,1,2,0.7303171564050448,0.24,55.841235198619096,109.0,1,0.0,2.0,6.0,2+ pressers,1,5.58412351986191,0.24
177,1,68206,7.0,1,3,0.5371901570474237,1.0,58.14000693012245,109.0,1,4.0,0.0,5.0,2+ pressers,1,5.814000693012245,1.0
178,0,68268,2.0,0,0,4.851366253720185,0.0,32.314735126167136,,0,,,,none,0,3.231473512616714,0.0
178,0,68293,3.0,0,0,5.536801202961225,0.0,27.247433890029157,,0,,,,none,0,2.724743389002916,0.0
178,0,68318,4.0,1,1,2.761949916778122,0.0,22.765110753910363,,0,,,,1 presser,0,2.2765110753910363,0.0
178,0,68343,5.0,1,1,2.318931291749983,0.0,11.152254838396601,,0,,,,1 presser,0,1.11522548383966,0.0
178,0,68368,6.0,0,0,6.903668084576792,0.0,4.4948314675637135,,0,,,,none,0,0.44948314675637135,0.0
178,0,68393,7.0,1,1,1.325854259422374,1.0,3.5681202495011632,2.0,0,5.0,1.0,0.0,1 presser,0,0.3568120249501163,1.0
178,0,68418,8.0,1,1,1.0203589589775817,0.36,6.964632595981783,,0,,,,1 presser,0,0.6964632595981783,0.36
178,0,68443,9.0,1,1,1.3002415505174787,0.0,7.975428813118796,,1,,,,1 presser,0,0.7975428813118797,0.0
178,0,68468,10.0,1,1,2.260954171161809,0.0,17.42341077888868,,1,,,,1 presser,0,1.742341077888868,0.0
179,0,68624,2.0,0,0,9.777208958912128,0.0,44.94160478153621,,0,,,,none,0,4.4941604781536215,0.0
179,0,68649,3.0,0,0,10.875146715230626,0.0,48.7454972426013,,0,,,,none,0,4.87454972426013,0.0
179,0,68674,4.0,0,0,6.9011624120854105,0.88,54.28079156053079,221.0,0,2.0,4.0,0.0,none,0,5.428079156053078,0.88
179,0,68699,5.0,1,1,2.5931757980463015,1.0,60.89176912463337,221.0,0,2.0,3.0,1.0,1 presser,0,6.089176912463337,1.0
179,0,68724,6.0,0,0,2.2292934833146214,1.0,63.86362263428291,221.0,0,4.0,2.0,2.0,none,0,6.386362263428291,1.0
179,0,68749,7.0,0,0,2.155969787987728,1.0,67.2398573335233,221.0,0,5.0,2.0,1.0,none,0,6.723985733352331,1.0
